title,type_job,salary,compagny,location,region,departement,latitude,longitude,language,skills,date,description,tokens,source
Chef de projet Data (H/F),CDI,540000.0,Th√©lio,Lyon,France m√©tropolitaine,M√©tropole de Lyon,45.7578137,4.8320114,language,skills,2023-12-22T09:16:16Z,"Vous prenez en charge le pilotage d‚Äôun ou plusieurs projets 100% data pour nos clients.Vous interviendrez sur toutes les phases projet, en cadrage, ateliers ¬´ d‚Äôid√©ation ¬ª (identifier les besoins m√©tiers, les formaliser), pr√©conisations d‚Äôusages et d‚Äôarchitectures, pilotage, accompagnement de votre √©quipe et des √©quipes clients.Votre r√¥le, au-del√† de bien piloter vos projets, est aussi et surtout de prendre de la hauteur sur la trajectoire des projets, d‚Äô√™tre en mesure de proposer des solutions pertinentes aux risques projets et de les mettre en ≈ìuvre.Vous travaillerez sur les estimations et chiffrages, dans le cadre d‚Äôavant-ventes ou de nouvelles demandes clients.Vous conduirez les plannings, animerez les diff√©rents comit√©s projets.Vous serez l‚Äôinterface Th√©lio avec nos clients, dans la relation op√©rationnelle, et les solutions propos√©es, et vous appuierez sur les architectes et experts Th√©lio pour mettre en place les meilleures pratiques.Au-del√† d‚Äôune expertise en pilotage de projet, et en data, votre diff√©rence se fait sur votre personnalit√©, votre ¬´ savoir √™tre ¬ª. Vous avez une bonne communication √©crite et orale, et n‚Äôh√©sitez pas √† aller vers les autres.Bref, vous √™tes √† l‚Äô√©coute.Selon vos exp√©riences, vous √™tes autonome √† minima sur 3 typologies de missions d√©crites ci-dessous :Analyser et d√©finir les architectures data de nos clients : challenger l‚Äôexistant et proposer de nouvelles solutionsEffectuer des analyses fonctionnelles et r√©diger les sp√©cifications, retranscrire les besoins m√©tiers en solutions techniquesConcevoir et d√©velopper des flux d‚Äôalimentation de plateformes DataMettre en place les reporting et Dashboard√ätre garant des solutions techniques mises en ≈ìuvre√ätre force de proposition sur les projets de la conception √† la mise en productionEncadrer vos coll√®gues et piloter les projets Data dans le respect de la charge et du planning projet et transmettre votre expertise",prenez charge pilotage plusieurs projets data interviendrez toutes phase projet cadrage atelier id√©ation identifier besoins m√©tiers formaliser pr√©conisations usage architecture pilotage accompagnement √©quipe √©quipes r√¥le bien piloter projets aussi surtout prendre hauteur trajectoire projets √™tre mesure proposer solution pertinentes risques projets mettre travaillerez estimation chiffrages cadre nouvelles demandes conduirez planning animerez diff√©rents comit√©s interface th√©lio client relation op√©rationnelle solution propos√©es appuierez architectes expert th√©lio mettre place meilleures expertise pilotage projet data diff√©rence fait personnalit√© savoir √™tre bonne communication √©crite orale h√©sitez aller vers exp√©riences autonome minimum typology mission d√©crites analyser d√©finir architecture data client challenger existant proposer nouvelles solutionseffectuer analysis fonctionnelles r√©diger sp√©cifications retranscrire besoins m√©tiers solution techniquesconcevoir d√©velopper flux alimentation plateformes datamettre place reporting dashboard√™tre garant solution technique mi ≈ìuvre√™tre force proposition projets conception mise productionencadrer coll√®gues piloter projets data respect charge planning projet transmettre expertise,Welcome_to_the_jungle
Data Project Coordinator / Charg√©(e) de donn√©es PIM DAM (F/H),CDD / Temporaire,,Tarkett,Puteaux,France m√©tropolitaine,Hauts-de-Seine,48.8841522,2.2368863,language,skills,2023-12-14T15:35:17Z,"Au sein de la Direction Marketing & Digital Europe et Moyen-Orient, situ√©e √† la D√©fense (Paris), sous la responsabilit√© de la Data Project Specialist EMEA, vous assurez la collecte et l'int√©gration des donn√©es produits servant √† nos diff√©rents supports (Site internet, documents automatis√©s, outils en ligne).A l'aise avec la gestion de base de donn√©es, vous aurez √† intervenir sur nos logiciels PIM (Akeneo) et DAM (Opentext)Ce poste en CDD (remplacement d'un cong√© maternit√©) est √† pourvoir d√®s que possible au si√®ge de Tarkett, Paris La D√©fense, pour une dur√©e de 4 mois.Vos missions:Lancements de produits : En collaboration avec les √©quipes communication et produits, vous avez la charge de collecter les donn√©es n√©cessaires au lancement au renouvellement de collections produits (fiches & documents techniques, pages produits web), les int√©grer dans le PIM, et v√©rifier leur bonne publication sur le site EMEA (master).Vous assurez √©galement la pr√©paration d'une newsletter permettant aux diff√©rents pays de mettre √† jour localement leur base de donn√©es. Support : Vous prenez en charge les r√©ponses aux questions et demandes des utilisateurs du PIM et du DAM dans nos diff√©rents pays.Projets : Vous assistez en fonction des besoins notre chef de projet data dans le suivi de divers projets li√©s √† la donn√©e. Les opportunit√©s li√©es au poste :Vous cherchez √† vous d√©velopper dans l' e-commerce? Ce poste vous confortera en Product Information Management, pierre angulaire des m√©tiers du e-commerceVous permettre d'acqu√©rir une exposition internationale en int√©grant une √©quipe Marketing EMEA transverseRejoindre un groupe fran√ßais de la Construction et du B√¢timent pionnier et leader en D√©veloppement Durable",sein direction marketing digital europe situ√©e d√©fense paris sou responsabilit√© data project specialist emea assurez collecte donn√©es produits servant diff√©rents support site internet document automatis√©s outils ligne gestion base donn√©es intervenir logiciels pim akeneo dam opentext poste cdd remplacement cong√© maternit√© pourvoir d√®s possible si√®ge tarkett paris d√©fense dur√©e mission lancements produits collaboration √©quipes communication produits charge collecter donn√©es n√©cessaires lancement renouvellement collection produits fiches document technique page produits web int√©grer pim v√©rifier bonne publication site emea master assurez √©galement pr√©paration newsletter permettant diff√©rents pay mettre jour localement base donn√©es support prenez charge r√©ponses question demandes utilisateurs pim dam diff√©rents assistez fonction besoins chef projet data suivi diver projets li√©s donn√©e opportunit√©s li√©es poste cherchez d√©velopper poste confortera product information management pierre angulaire m√©tiers permettre exposition internationale int√©grant √©quipe marketing emea transverserejoindre groupe fran√ßais construction b√¢timent pionnier leader d√©veloppement durable,Welcome_to_the_jungle
Data Analytics Engineer H/F/X,CDI,,Accor Tech & Digital,Issy-les-Moulineaux,France m√©tropolitaine,Hauts-de-Seine,48.8250508,2.273457,language,skills,2023-12-26T22:04:33Z,"Nous sommes la Digital & Business Factory du groupe Accor,¬†¬†le laboratoire d‚Äôinnovation et de transformation du leader mondial de l‚Äôh√¥tellerie.¬†¬†Avec nos 700 Heartists, nous concentrons le meilleur de l'hospitalit√© et le meilleur de la tech & du digital.¬†Notre ambition‚ÄØ: offrir √† nos clients des exp√©riences personnalis√©es, m√©morables et durables.¬†Ici, nous faisons na√Ætre de nouvelles fa√ßons de voyager dans chacun de nos 5‚ÄØ500 h√¥tels, au plus proche de nos 100 millions de clients dans 110 pays.¬†Ici, nous sommes au c≈ìur d‚Äôun formidable terrain de jeu de design et de conception de produits digitaux et de services, pour nos clients et nos √©quipes en h√¥tels.¬†Ici, votre champ d‚Äôapplication ne conna√Ætra aucune fronti√®re, alors, avec nous, osez avoir un impact sur le monde‚ÄØ!¬†¬†C‚Äôest ici que vous attend votre plus grand d√©fi‚ÄØ:¬†A noter que plusieurs postes sont √† pourvoir certains dans nos locaux situ√©s aux portes de Paris (Issy-les-Moulineaux) d'autres √† Evry (91).Domaine‚ÄØ: Data¬†En 2021, Accor a regroup√© au sein de la ""Digital Factory"" ses diff√©rentes √©quipes Data sous la responsabilit√© unique d'un Chief Data Officer.¬†Notre mission premi√®re est de fournir √† l'ensemble de l'entreprise - des Hotels √† la Direction, en passant par les diff√©rents M√©tiers - des produits Data et Analytics servant de multiples usages. Avec un fort red√©marrage post-COVID, nous sommes en pleine modernisation (passage au Cloud massif) et transformation/mise √† l‚Äô√©chelle - env. 150 pers aujourd‚Äôhui organis√©es en Tribu/Squad & Chapter inspir√© du mod√®le Spotify - et accompagnons les √©quipes pour inscrire cette double culture ""Tech"" & ""Produit"" dans la dur√©e.¬†La richesse de cet √©cosyst√®me, l'esprit d'innovation et le sens du ""service"" caract√©ristique √† la culture hotelli√®re d'Accor sont les forces qui nous motivent au quotidien.¬†Aper√ßu du poste‚ÄØ:¬†Au sein du Data Engineering, nous recrutons des Data & Analytics Engineer pour renforcer les √©quipes en charge aussi bien des produits m√©tiers que des briques & services fournis par notre plateforme ""Welcome Data"".Au quotidien, vous int√©grez une Feature Team compos√©e d'une dizaine de personnes maximum aux profils vari√©s (PO, data analyst, scrum master, etc.), sous la supervision directe du ""Tech Lead"".¬†Votre mission‚ÄØ:¬†Vous √™tes l'acteur cl√© en charge des cha√Ænes d'approvisionnement, de transformation et de mise en valeur des donn√©es, participant √† la conception et mod√©lisation des produits, assurant la conformit√© et la maintenabilit√© des solutions d√©velopp√©es, et relevant les d√©fis techniques li√©s √† la volum√©trie et √† la qualit√© du patrimoine de donn√©es.¬†Au quotidien, vos missions sont de :¬†Concevoir, d√©velopper et d√©ployer les solutions de gestion des donn√©es ""Cloud-Native""¬†Assurer la conformit√© et la maintenabilit√© du code (TDD, commentaires, etc.)¬†¬†D√©tecter, analyser et r√©soudre les incidents ou anomalies survenant sur les produits de l'√©quipe¬†Contribuer aux chantiers transverses (usine logicielle-CI/CD, supervision, catalogue, etc.)¬†¬†Comprendre la finalit√© m√©tiers des produits, et surtout la complexit√© fonctionnelle des donn√©es manipul√©es¬†Assurer la coh√©rence de la mod√©lisation des donn√©es du patrimoine avec l'aide des Data Managers¬†Accompagner les profils Produit ou Data Science dans le cadrage des besoins de donn√©es m√©tiers (disponibilit√©, qualit√©, etc.)¬†Participer √† l'animation de la communaut√© ""Data Tech"" (diffusion bonnes pratiques, capitalisation code, veille techno, etc.)¬†Sensibiliser nos diff√©rents interlocuteurs aux enjeux et b√©n√©fices 'data'¬†Informations suppl√©mentairesEt nous, quels sont nos engagements ?¬†- Sur le monde¬†Nous nous engageons pour le monde qui nous entoure, avec une culture employeur forte centr√©e sur le d√©veloppement de nos 300‚ÄØ000 talents.¬†Cot√© tech, nous sommes engag√©s dans la r√©duction de l‚Äôimpact du num√©rique sur l‚Äôensemble de nos projets.¬†¬†- Sur votre carri√®re¬†Nous permettons √† tous nos collaborateurs de ma√Ætriser leur √©quilibre vie-perso / vie-pro et leur offrons les moyens de fa√ßonner leur environnement de travail √† leur image.¬†¬†Les parcours de formation et d‚Äô√©volution sont d√©finis √† la fois individuellement et collectivement pour que nous grandissions ensemble, au quotidien.¬†¬†Nous valorisons la richesse des diverses nationalit√©s repr√©sent√©es, des diff√©rents horizons, de toutes les histoires qui nous composent. Nous encourageons la diversit√© des personnalit√©s et des parcours professionnels. Nous savons nous adapter aux besoins sp√©cifiques de nos collaborateurs, notamment ceux en situation de handicap.¬†¬†¬†- Concr√®tement, √† la Digital & Business Factory‚ÄØ:¬†T√©l√©travail √©largi et pas de r√©unions les mercredis apr√®s-midi,¬†Am√©lioration continue & formations : Hackathons, partenariats technologiques d‚Äôexception, talent management d√©di√© et plateforme d√©di√©e √† la formation Digitech Academy & certifications,¬†et aussi,¬†Work from Everywhere : acc√®s personnel offert √† plus de 500 espaces de Coworking dont beaucoup au sein de nos h√¥tels,¬†¬†Programme ALL Heartists‚ÄØ: tarifs pr√©f√©rentiels et offres flash pour des s√©jours et exp√©riences inoubliables dans toutes nos adresses Accor et chez nos partenaires, dans le monde entier.¬†Programme Heartist for good,‚ÄØ: engagez-vous en faveur d‚Äôune association de votre choix parmi celles pr√©sente sur notre plateforme de volontariat (1 jour offert par an par le Groupe sur votre temps de travail),¬†¬†Un CSE qui vous accompagne dans le financement de vos activit√©s culturelles et sportives,¬†Forfait Mobilit√© durable‚ÄØde 700‚Ç¨ maximum pour l‚Äôutilisation d‚Äôun moyen de d√©placement ¬´‚ÄØvert‚ÄØ¬ª, ou Pass navigo pris en charge √† 75%,¬†¬†Tickets restaurant de 10‚Ç¨,¬†Une mutuelle obligatoire financ√©e √† 50% par Accor sans frais suppl√©mentaire en cas d'adh√©sion de vos ayants droits,¬†Et sur notre site d‚ÄôIssy les Moulineaux‚ÄØ: des espaces de travail collaboratifs, un restaurant d‚Äôentreprise et du caf√© √† volont√©, des espaces de jeux et de sport, une conciergerie et un parc juste en face‚ÄØüòâ¬†¬†Cette mission vous attire‚ÄØ?¬†Pour nous, le recrutement est avant tout une histoire de rencontres.¬†¬†Postulez et nous vous proposerons‚ÄØ:¬†Une rencontre avec notre √©quipe recrutement pour vous pr√©senter les lignes essentielles du poste ou vous orienter vers le r√¥le qui peut vous correspondre,¬†¬†¬†Un ou des entretiens avec les managers et les membres de l‚Äô√©quipe,¬†¬†Pour certains postes, vous pourriez √©galement √™tre amen√© √† effectuer un test ou une √©tude de cas, ainsi qu‚Äôun questionnaire sur votre personnalit√© et vos motivations.¬†Un entretien final avec notre √©quipe des Ressources Humaines pour √©changer sur la culture de notre Groupe, l‚Äôenvironnement de travail, notre programme de formation et les perspectives de carri√®re, ainsi que les diff√©rents avantages du Groupe.¬†Un feedback personnalis√©.¬†¬†#accordigitalfactory¬†",digital business factory groupe accor laboratoire innovation transformation leader mondial h√¥tellerie heartists concentrons meilleur meilleur tech digital ambition offrir client exp√©riences personnalis√©es m√©morables durables ici faisons na√Ætre nouvelles fa√ßons voyager chacun h√¥tels plus proche million client pay ici c≈ìur formidable terrain jeu design conception produits digitaux service client √©quipes h√¥tels ici champ application conna√Ætra aucune fronti√®re alors osez avoir impact monde ici attend plus grand d√©fi a noter plusieurs postes pourvoir certains locaux situ√©s porte paris evry data accor a regroup√© sein digital factory diff√©rentes √©quipes data sou responsabilit√© unique chief data officer mission premi√®re fournir hotel direction passant diff√©rents m√©tiers produits data analytics servant multiple usage fort red√©marrage pleine modernisation passage cloud massif √©chelle env pers aujourd hui organis√©es chapter inspir√© mod√®le spotify accompagnons √©quipes inscrire cette double culture tech produit dur√©e richesse cet √©cosyst√®me sen service caract√©ristique culture hotelli√®re force motivent quotidien aper√ßu poste sein data engineering recrutons data analytics engineer renforcer √©quipes charge aussi bien produits m√©tiers briques service fournis plateforme welcome data quotidien int√©grez feature team compos√©e dizaine personnes maximum profils vari√©s po data analyst scrum master etc sou supervision directe tech lead mission cl√© charge cha√Ænes transformation mise valeur donn√©es participant conception mod√©lisation produits assurant conformit√© maintenabilit√© solution d√©velopp√©es relevant d√©fis technique li√©s volum√©trie qualit√© patrimoine donn√©es quotidien mission concevoir d√©velopper d√©ployer solution gestion donn√©es assurer conformit√© maintenabilit√© code tdd commentaires etc d√©tecter analyser r√©soudre incident anomaly survenant produits contribuer chantiers transverses usine supervision catalogue etc comprendre finalit√© m√©tiers produits surtout complexit√© fonctionnelle donn√©es manipul√©es assurer coh√©rence mod√©lisation donn√©es patrimoine data manager accompagner profils produit data science cadrage besoins donn√©es m√©tiers disponibilit√© qualit√© etc participer communaut√© data tech diffusion bonnes pratiques capitalisation code veille techno etc sensibiliser diff√©rents interlocuteurs enjeux b√©n√©fices information suppl√©mentaireset quels engagement monde engageons monde entoure culture employeur forte centr√©e d√©veloppement talent cot√© tech engag√©s r√©duction impact num√©rique ensemble projets carri√®re permettons tous collaborateurs ma√Ætriser √©quilibre offrons moyens fa√ßonner environnement travail image parcours formation √©volution d√©finis fois individuellement collectivement grandissions ensemble quotidien valorisons richesse diver nationalit√©s repr√©sent√©es diff√©rents horizon toutes histoires composent encourageons diversit√© personnalit√©s parcours professionnels savons adapter besoins sp√©cifiques collaborateurs notamment ceux situation handicap concr√®tement digital business factory t√©l√©travail √©largi r√©unions mercredis am√©lioration continue formation hackathons partenariats technologiques exception talent management d√©di√© plateforme d√©di√©e formation digitech academy certification aussi work from everywhere acc√®s personnel offert plus espaces coworking dont beaucoup sein h√¥tels programme all heartists tarifs pr√©f√©rentiels offres flash s√©jours exp√©riences inoubliables toutes adresses accor chez partenaires monde entier programme heartist for good faveur association choix parmi celles pr√©sente plateforme volontariat jour offert an groupe temp travail cse accompagne financement activit√©s culturelles sportives forfait mobilit√© durable maximum utilisation moyen d√©placement vert pas navigo pris charge ticket restaurant mutuelle obligatoire financ√©e accor sans frais suppl√©mentaire ca droits site issy moulineaux espaces travail collaboratifs restaurant entreprise caf√© volont√© espaces jeux sport conciergerie parc juste face cette mission attire recrutement avant tout histoire rencontres postulez proposerons rencontre √©quipe recrutement pr√©senter ligne essentielles poste orienter vers r√¥le peut correspondre entretiens manager membres √©quipe certains postes pourriez √©galement √™tre amen√© effectuer test √©tude ca ainsi questionnaire personnalit√© motivation entretien final √©quipe ressources humaines √©changer culture groupe environnement travail programme formation perspective carri√®re ainsi diff√©rents avantages groupe feedback personnalis√© accordigitalfactory,Welcome_to_the_jungle
Manageur (euse) Data et Analytics,CDI,,Digimood,"Marseille, Montpellier",France m√©tropolitaine,H√©rault,43.6360803,3.8107323,language,skills,2023-12-20T11:26:19Z,"POSTE A POURVOIR SUR MARSEILLE OU MONTPELLIERA propos de DigimoodCr√©√©e en 2007, notre agence est pr√©sente √† Paris, Montpellier, et Marseille.Nous accompagnons de nombreux acteurs de la mode, de l‚Äôassurance, de la banque, du tourisme, etc..Nous comptons parmi nos r√©f√©rences Haribo, San Marina, American Vintage, Air corsica, Homair Vacances, A√©sio‚Ä¶üíºPrincipales missionsPilotage du p√¥le Data et Analytics :Management et d√©veloppement d‚Äôune √©quipe : accompagnement, formation et pilotage du p√¥leD√©veloppement de l‚Äôoffre de l‚Äôagence : d√©finitions des services, et accompagnement des commerciaux pour soutenir nos projets.Apporter de la visibilit√© au p√¥le Data et Analytics au sein de l‚Äôagence.Veille concurrentielle et produit permanenteAnalyse et conseils :Vous auditez les dispositifs de tracking et mesure des clients de l‚Äôagence.Vous identifiez les bugs et les points de blocage afin de proposer des recommandations pertinentes et strat√©giquesD√©veloppement de l‚Äôoffre Analyse et DataViz aupr√®s de nos clientsFormation externesParam√©trage des outils :Impl√©mentation et param√©trage d‚Äôoutils de Tag Management (Google Tag Manager, Matomo Tag Manager), Server side (Addinwell), API (ggogle Facebook) Consent Management (Cookiebot, OneTrust, Axeptio‚Ä¶), Web Analytics (Google Analytics 4, Matomo, AT Internet, Piwik Pro‚Ä¶), Attribution (Wisaly..)Conception et d√©ploiement de plans de marquageConstruction de tableaux de bord automatis√©s pour nos clients (Google Looker Studio)Accompagnement des clients dans l‚Äôanalyse de la performance de leurs dispositifs‚ú® Les Digiplus :Rejoins une entreprise √©nergique dans une ambiance conviviale o√π il fait bon travailler : formations, √©v√©nements SEO, flexibilit√© des horaires, accessibilit√© de la direction, respect de l‚Äô√©quilibre vie pro et vie perso, prise en charge transports en commun √† hauteur de 50%, accompagnement cr√®che, et encore beaucoup d‚Äôautres surprises qui t‚Äôattendent ! ü•≥",poste a pourvoir marseille montpelliera propos digimoodcr√©√©e agence pr√©sente paris montpellier accompagnons nombreux acteurs mode assurance banque tourisme etc compton parmi r√©f√©rences haribo san marina american vintage air corsica homair vacances missionspilotage p√¥le data analytics management d√©veloppement √©quipe accompagnement formation pilotage p√¥led√©veloppement offre agence d√©finitions service accompagnement commerciaux soutenir visibilit√© p√¥le data analytics sein concurrentielle produit permanenteanalyse conseils auditez dispositifs tracking mesure client identifiez bug point blocage afin proposer recommandations pertinentes strat√©giquesd√©veloppement offre analyse dataviz aupr√®s clientsformation externesparam√©trage outils impl√©mentation param√©trage outils tag management google tag manager matomo tag manager server side addinwell api ggogle facebook consent management cookiebot onetrust web analytics google analytics matomo at internet piwik attribution wisaly conception d√©ploiement plan marquageconstruction tableau bord automatis√©s client google looker studio accompagnement client analyse performance leurs digiplus rejoins entreprise √©nergique ambiance conviviale o√π fait bon travailler formation √©v√©nements seo flexibilit√© horaires accessibilit√© direction respect √©quilibre vie pro vie perso prise charge transport commun hauteur accompagnement cr√®che encore beaucoup autres surprise attendent,Welcome_to_the_jungle
"Data Center Security Manager, DC Security",CDI,,Amazon Web Services,Paris,France m√©tropolitaine,,48.8534951,2.3483915,language,skills,2023-12-26T23:28:55Z,"Amazon Web Services offers a fast paced, fun, and exciting work environment. We continue to grow at an exponential rate and are looking for talented, bright, and driven individuals with a desire for professional growth and continuous learning experiences..For our data centers in the Paris area (‚ÄúCDG Cluster‚Äù) we are looking for a Data Centre Security Manager (DSM) to manage the day by day physical security operations of our sites.Under the direct leadership of the Cluster Security Manager, the DSM maintains the physical security posture of his assigned sites with the support of the security guard force vendor.Key job responsibilitiesResponds swiftly and calmly to Security situations as they arise, based on the direction of the Cluster or Regional Security Manager.Supports the on-site contractor Security team as the primary security contact during the shift and provides guidance based upon existing Physical Security Standards and local SOP‚Äôs.Reports all unusual events to the Cluster Manager in a timely manner.Provides guidance and direction to the contract security officers to maximize the effectiveness of the Security department.Oversees access control systems and badge deliveries.Investigates security events via the alarm and CCTV monitoring system.Cooperates and coordinates with the Security Operation Center (SOC) during security incidents or any other security related matter.Creates and constantly improves procedures, processes and workflows using data and metrics to identify issues and areas of improvements.Develops specific knowledge of the various operational process paths within the Data Center to identify security vulnerabilities.Perform various security inspections, audits and investigations as required and as instructed.We are open to hiring candidates to work out of one of the following locations:Paris, FRA",amazon web service offer fast paced fun exciting work environment continue grow exponential rate looking talented bright driven individual desire professional growth continuous learning experience data center paris area cdg cluster looking data centre security manager dsm manage day day physical security operation direct leadership cluster security manager dsm maintains physical security posture assigned site support security guard force job responsibilitiesresponds swiftly calmly security situation arise based direction cluster regional security contractor security team primary security contact shift provides guidance based upon existing physical security standard local sop unusual event cluster manager timely guidance direction contract security officer maximize effectiveness security access control system badge security event via alarm cctv monitoring coordinate security operation center soc security incident security related constantly improves procedure process workflow using data metric identify issue area specific knowledge various operational process path within data center identify security various security inspection audit investigation required open hiring candidate work one following location paris fra,Welcome_to_the_jungle
Senior Data Scientist,CDI,,Artefact,Paris,France m√©tropolitaine,,48.8534951,2.3483915,language,skills,2023-12-27T00:50:48Z,"Who we areArtefact is a new generation of a data service provider, specialising in data consulting and data-driven digital marketing, dedicated to transforming data into business impact across the entire value chain of organisations. We are proud to say we‚Äôre enjoying skyrocketing growth.Our broad range of data-driven solutions in data consulting and digital marketing are designed to meet our clients‚Äô specific needs, always conceived with a business-centric approach and delivered with tangible results. Our data-driven services are built upon the deep AI expertise we‚Äôve acquired with our 1000+ client base around the globe.We have 1000 employees across 20 offices who are focused on accelerating digital transformation. Thanks to a unique mix of company assets: State of the art data technologies, lean AI agile methodologies for fast delivery, and cohesive teams of the finest business consultants, data analysts, data scientists, data engineers, and digital experts, all dedicated to bringing extra value to every client.What you will be doing: Key responsibilitiesAs a Senior Data Scientist, your role will encompass:Leading ¬†and conducting ambitious projects in the transformation of clients through dataHaving a contributor role in raising the level of competencies of the data science teamHarnessing the expertise from the other Divisions (Activation, Creativity, and Strategy) to provide comprehensive services to your clientsDeveloping privileged relationships with our clients, using your technical abilities to assist in the transformation of their marketing departmentYou‚Äôll also participate in international projects. Business travel is something you enjoy!Among your responsibilities as Senior Data Scientist, you will be responsible for:Leading data projectsManaging the resources on your projects to ensure challenges and skills are well matchSecuring delivery on your projectsCommunicating the successes of your projects among the companyWorking closely with your Consulting counterpart to build and maintain strong relationships with your clients and best understand their needsCaring for the happiness of the team, ensuring work is delivered to a high standard and providing feedback and mentoringBeing a great tech role modelDemonstrating the skill and credibility required to ensure the success of our clients‚Äô initiativesResearching and developing new technical approaches to address problems efficientlySharing best practices and contributing to Artefact‚Äôs institutional knowledgeEmbodying Artefact‚Äôs values and inspiring others to do the sameQualifications: Education & experience requiredA Master‚Äôs degree in machine learning, mathematics, computer science, or related fields2+ years of hands-on experience developing and applying data-driven solutions in a corporate or consulting setting, preferably in a consumer marketing context (experience in the web industry is a plus)Strong experience and knowledge of data processing, data modeling, algorithms, and data architectureExperience leading ¬†a technical project in a business contextIntellectual curiosity and excellent problem-solving skills, including the ability to structure and prioritise an approach for maximum impactWhat we are looking forA Doer:¬†you get things done and inspire your teams to do the sameAn Analyst:¬†you LOVE data and think every company should take their decisions with factsA Pragmatist:¬†you have a hacker mindset and always find the quick winsA Mentor:¬†your clients and teams naturally seek for adviceAn Adventurer:¬†you‚Äôre an entrepreneur constantly looking for problems to solveA french speaking person who can learn and share with our french team.¬†Why you should join usArtefact is the place to be:¬†come and build the future of marketingProgress:¬†every day offers new challenges and new opportunities to learnCulture:¬†join the best team you could ever imagineEntrepreneurship:¬†you will be joining a team of driven entrepreneurs. We won‚Äôt give up until we make a huge dent in this industry!",areartefact new generation data service provider specialising data consulting digital marketing dedicated transforming data business impact across entire value chain organisation proud say enjoying skyrocketing broad range solution data consulting digital marketing designed meet client specific need always conceived approach delivered tangible result service built upon deep ai expertise acquired client base around employee across office focused accelerating digital transformation thanks unique mix company asset state art data technology lean ai agile methodology fast delivery cohesive team finest business consultant data analyst data scientist data engineer digital expert dedicated bringing extra value every key responsibilitiesas senior data scientist role encompass leading conducting ambitious project transformation client datahaving contributor role raising level competency data science teamharnessing expertise division activation creativity strategy provide comprehensive service clientsdeveloping privileged relationship client using technical ability assist transformation marketing departmentyou also participate international project business travel something enjoy among responsibility senior data scientist responsible leading data projectsmanaging resource project ensure challenge skill well matchsecuring delivery projectscommunicating success project among companyworking closely consulting counterpart build maintain strong relationship client best understand needscaring happiness team ensuring work delivered high standard providing feedback mentoringbeing great tech role modeldemonstrating skill credibility required ensure success client initiativesresearching developing new technical approach address problem efficientlysharing best practice contributing artefact institutional knowledgeembodying artefact value inspiring others samequalifications education experience requireda master degree machine learning mathematics computer science related year experience developing applying solution corporate consulting setting preferably consumer marketing context experience web industry plus strong experience knowledge data processing data modeling algorithm data architectureexperience leading technical project business contextintellectual curiosity excellent skill including ability structure prioritise approach maximum impactwhat looking forum doer get thing done inspire team samean analyst love data think every company take decision factsa pragmatist hacker mindset always find quick winsa mentor client team naturally seek advicean adventurer entrepreneur constantly looking problem solvea french speaking person learn share french team join usartefact place come build future marketingprogress every day offer new challenge new opportunity learnculture join best team could ever imagineentrepreneurship joining team driven entrepreneur give make huge dent industry,Welcome_to_the_jungle
Consultant.e Data Marketing Confirm√©.e ,CDI,,Elevate,"Paris, Lille, Nantes‚Ä¶",,,,,language,skills,2023-12-20T10:25:51Z,"Nous recherchons un.e Consultant.e Data Marketing Confirm√©.e ‚ú®Dans le cadre de la forte croissance d‚ÄôElevate, nous recherchons un.e Consultant.e Data Marketing Confirm√©.e afin de renforcer l‚Äô√©quipe et de rejoindre la practice Data Marketing pour accompagner nos clients sur des probl√©matiques techniques et business li√©es √† la data.Apr√®s formation interne √† notre m√©thodologie et √† notre offre, vous assurez la conception, la mise en ≈ìuvre et/ou l‚Äôexploitation continue d‚Äôune ou plusieurs composantes des projets data marketing de nos clients.Parmi vos missions üõ†En tant que consultant.e data marketing, vous intervenez sur les 4 volets et sur les missions suivantes :DATA COLLECTIONAudit des outils de l‚Äô√©cosyst√®me data marketing (Analytics, Tag Management System, AB Testing, Personnalisation etc.)
Construction de plan de marquage suite √† la prise de besoins m√©tiers/marketing
Configuration d‚Äôoutil analytics (Google Analytics 360, Mixpanel, Firebase Analytics, Adobe Analytics, Comscore, AT Internet, etc.)
Configuration de Tag Management System (Google Tag Manager, TagCommander, etc.)
Configuration des autres outils de l‚Äô√©cosyst√®me marketing client
Recette des impl√©mentations de tracking et accompagnement des √©quipes techniques dans l‚Äôimpl√©mentation
DATA ANALYSISConfiguration et restitution d‚Äôoutils de data visualisation (Data Studio, Tableau, Power BI, Supermetrics, etc.)
Analyse de la performance d‚Äôun point de vue site-centric et ad-centric : configuration des reporting et analyse de donn√©es (suivi de la performance des campagnes d‚Äôacquisition ; analyse de la typologie de l‚Äôaudience & segmentation RFM ; analyse de la r√©tention ; de la contribution / attribution ; etc.)
DATA ACTIVATIONAB Test / MVT
Personnalisation
Push in-app / notif / mail / etc.
Marketing Automation
Activation DMP
CONSULTING ENGAGEMENTConduite de projets data innovants : d√©finition, cadrage, mise en oeuvre, application de la m√©thodologie data-driven propre √† Elevate
Transformation des organisations : d√©silotage, logique test&learn et agilit√© via la m√©thodologie de pilotage data-driven d‚ÄôElevate
Diffusion des comp√©tences, d√©finition, cadrage et mise en oeuvre op√©rationnelle des process m√©tiers li√©s au data marketing
Formation des √©quipes client et passation des savoir-faire
Vous participerez √©galement activement au d√©veloppement de l‚Äôagence en prenant √† charge divers projets internes en fonction des opportunit√©s (publication de comparatifs outils, participation √† des salons / conf√©rences, retours d‚Äôexp√©riences et formation interne, etc.).Qui pourrait vous accompagner ? ü§ùL√©a, Manager Data Marketing : avec 10 ans d‚Äôexp√©rience dans le digital & la data, elle a rejoint Elevate en 2021 dans la practice Data Marketing pour renforcer l‚Äô√©quipe de son expertise et aider les consultant.es dans leurs missions et leurs d√©veloppements.Au sein de l‚Äôagence, elle est connue comme le loup blanc pour son sourire communicatif et sa passion pour le champagne. üë©‚Äçüé§",recherchons data marketing cadre forte croissance elevate recherchons data marketing afin renforcer √©quipe rejoindre practice data marketing accompagner client probl√©matiques technique business li√©es formation interne m√©thodologie offre assurez conception mise ≈ìuvre exploitation continue plusieurs composantes projets data marketing mission tant data marketing intervenez volets mission suivantes data collectionaudit outils √©cosyst√®me data marketing analytics tag management system ab testing personnalisation etc construction plan marquage suite prise besoins configuration outil analytics google analytics mixpanel firebase analytics adobe analytics comscore at internet etc configuration tag management system google tag manager tagcommander etc configuration autres outils √©cosyst√®me marketing client recette impl√©mentations tracking accompagnement √©quipes technique impl√©mentation data analysisconfiguration restitution outils data visualisation data studio tableau power bi supermetrics etc analyse performance point vue configuration reporting analyse donn√©es suivi performance campagnes acquisition analyse typologie audience segmentation rfm analyse r√©tention contribution attribution etc data activationab test mvt personnalisation push notif mail etc marketing automation activation dmp consulting engagementconduite projets data innovants d√©finition cadrage mise oeuvre application m√©thodologie propre elevate transformation organisation d√©silotage logique test learn agilit√© via m√©thodologie pilotage elevate diffusion comp√©tences d√©finition cadrage mise oeuvre op√©rationnelle process m√©tiers li√©s data marketing formation √©quipes client passation participerez √©galement activement d√©veloppement agence prenant charge diver projets interne fonction opportunit√©s publication comparatifs outils participation salon conf√©rences retours exp√©riences formation interne etc pourrait accompagner manager data marketing an exp√©rience digital data a rejoint elevate practice data marketing renforcer √©quipe expertise aider leurs mission leurs sein agence connue comme loup blanc sourire communicatif passion champagne,Welcome_to_the_jungle
Data Analyst confirm√© - (F/H),CDI,,Micropole,Nantes,France m√©tropolitaine,Loire-Atlantique,47.2186371,-1.5541362,language,skills,2023-12-26T23:32:38Z,"Comme nous, vous √™tes¬†passionn√©(e) par la donn√©e¬†et convaincu(e) que l‚Äôoptimisation du¬†patrimoine data des entreprises¬†est la cl√© de leur performance ? Vous voulez¬†rendre les entreprises data intelligentes¬†et les aider √† se transformer pour pr√©parer d√®s √† pr√©sent leur futur¬†?Vous souhaitez rejoindre un groupe pionnier des grandes innovations data et digitales, au sein d‚Äôune agence √† taille humaine o√π r√®gnent entraide¬†et convivialit√© et engag√©e en faveur d‚Äôun num√©rique plus responsable¬†au service de clients principalement implant√©s¬†r√©gionalement ?¬†Si vous avez r√©pondu favorablement √† chacune de ces questions, qu'attendez-vous ?¬†Rejoignez l'aventure Micropole¬†!L'Agence Micropole Grand Ouest s‚Äôappuie sur l'expertise de ses collaborateurs pour accompagner des clients dans leurs projets strat√©giques de gouvernance des donn√©es et de pilotage de la performance, et recrute¬†un Data Analyste confirm√© (F/H) pour renforcer son p√¥le Data¬†d√©j√†¬†compos√© de plus de 30 #InnovativePeolpe sur l'Ouest.¬†Dans vos missions quotidiennes, vous serez amen√©(e) √† :¬†R√©aliserdes ateliers de cadrage avec les m√©tiers,Fouiller,organiser et mod√©liser les donn√©es de nos clients,R√©digerles sp√©cifications fonctionnelles et techniques des flux,Concevoiret d√©velopper des rapports efficients, visuels et esth√©tiques,D√©finirles plans de tests et d‚Äôint√©gration,Accompagnerezla ma√Ætrise d‚Äôouvrage dans la validation de livrables, l‚Äôassistance √† larecette et la conduite du changement sur le projet,Accompagneret former les utilisateurs sur les nouveaux outils,Animerdes r√©unions et communiquer autour des projets qui vous sont confi√©s,Participeraux communaut√©s d‚Äôexpertise sur des sujets innovants,Assurerune veille technologique pour sans cesse construire le futur.",comme passionn√© e donn√©e convaincu e optimisation patrimoine data entreprises cl√© performance voulez rendre entreprises data intelligentes aider transformer pr√©parer d√®s pr√©sent futur souhaitez rejoindre groupe pionnier grandes innovation data digitales sein agence taille humaine o√π r√®gnent entraide convivialit√© engag√©e faveur num√©rique plus responsable service client principalement implant√©s r√©gionalement si r√©pondu favorablement chacune question rejoignez micropole micropole grand ouest appuie collaborateurs accompagner client leurs projets strat√©giques gouvernance donn√©es pilotage performance recrute data analyste confirm√© renforcer p√¥le data d√©j√† compos√© plus innovativepeolpe mission quotidiennes amen√© e r√©aliserdes atelier cadrage m√©tiers fouiller organiser mod√©liser donn√©es client r√©digerles sp√©cifications fonctionnelles technique flux concevoiret d√©velopper rapport efficients visuels esth√©tiques d√©finirles plan test int√©gration accompagnerezla ma√Ætrise ouvrage validation livrables assistance larecette conduite changement projet accompagneret former utilisateurs nouveaux outils animerdes r√©unions communiquer autour projets confi√©s participeraux communaut√©s expertise sujets innovants assurerune veille technologique sans cesse construire futur,Welcome_to_the_jungle
 Scrum Master Data F/H ,CDI,,CGI,Montpellier,France m√©tropolitaine,H√©rault,43.6112422,3.8767337,language,skills,2023-12-27T00:28:41Z," Vous √™tes passionn√©(e) par le domaine de la Data et avez d√©j√† une exp√©rience significative sur l‚Äôimpl√©mentation de projet en m√©thodologie agile.Votre r√¥le au sein du Centre d‚ÄôInnovation Digitale aura de tr√®s nombreuses facettes, toutes orient√©es vers un seul et m√™me objectif : contribuer √† la transformation digitale et au succ√®s de nos clients. En tant que Scrum Master DATA, vous serez int√©gr√©(e) √† un p√¥le de consultants sp√©cialistes Data, sur des projets stimulants. Vos missions seront les suivantes :- Accompagner nos clients et nos √©quipes √† adopter la m√©thodologie agile- Concevoir, construire, conduire et suivre un projet de la r√©ception des besoins client jusqu‚Äô√† sa mise en production- Assurer de fa√ßon op√©rationnelle la r√©alisation de projets agiles et pilotez les √©quipes projets (animation des rituels agiles daily, backlog refinement, d√©mo, r√©tro, sprint planning)- Coacher l‚Äô√©quipe projet (PO/PPO, dev team.) √† l‚Äôutilisation de ces rituels- Faire respecter les bonnes pratiques agiles et faciliter la communication entre les clients et nos √©quipes.- Concevoir et mettre en ≈ìuvre des boards agiles (Jira)- Contribuer √† la satisfaction client par un esprit de service et des r√©alisations de qualit√© de l‚Äôensemble de l‚Äô√©quipe dont vous aurez la responsabilit√©.Accompagn√©(e) et entour√©(e) par une communaut√© Data passionn√©e, l‚Äô√©change, le partage et les formations vous offriront un v√©ritable espace pour vous √©panouir. La proximit√© et le suivi personnalis√© de votre manager, puis un bon nombre d‚Äô√©v√©nements tout au long de l'ann√©e, renforceront encore la convivialit√© et l‚Äôesprit d'√©quipe !Tr√®s vite vous pourrez √©galement, en fonction de vos aspirations, prendre des responsabilit√©s au sein de notre entit√©, dans le domaine des offres, de l‚Äôavant-vente, du recrutement, du management RH et de la gestion de carri√®re de nos collaborateurs.En rejoignant CGI, vous b√©n√©ficiez notamment d‚Äôune offre compl√®te de formations (techniques, m√©tiers, d√©veloppement personnel,‚Ä¶), de flexibilit√© gr√¢ce √† notre accord t√©l√©travail (jusqu‚Äô√† 3 jours de t√©l√©travail par semaine), d‚Äôune politique de cong√©s avantageuse (27 jours de cong√©s pay√©s, RTT, cong√©s anciennet√© et enfant malade,‚Ä¶) et d‚Äôun package d‚Äôavantages int√©ressant (r√©gime d‚Äôachats d‚Äôactions, participation, CSE,‚Ä¶). ",passionn√© e domaine data d√©j√† exp√©rience significative impl√©mentation projet m√©thodologie r√¥le sein centre innovation digitale tr√®s nombreuses facettes toutes orient√©es vers seul objectif contribuer transformation digitale succ√®s client tant scrum master data int√©gr√© e p√¥le consultant sp√©cialistes data projets stimulant mission suivantes accompagner client √©quipes adopter m√©thodologie concevoir construire conduire suivre projet r√©ception besoins client jusqu mise assurer fa√ßon op√©rationnelle r√©alisation projets agiles pilotez √©quipes projets animation rituels agiles daily backlog refinement d√©mo r√©tro sprint planning coacher √©quipe projet dev team utilisation faire respecter bonnes pratiques agiles faciliter communication entre client concevoir mettre ≈ìuvre board agiles jira contribuer satisfaction client esprit service r√©alisations qualit√© ensemble √©quipe dont e entour√© e communaut√© data passionn√©e √©change partage formation offriront v√©ritable espace √©panouir proximit√© suivi personnalis√© manager puis bon nombre √©v√©nements tout long renforceront encore convivialit√© esprit tr√®s vite pourrez √©galement fonction aspiration prendre responsabilit√©s sein entit√© domaine offres recrutement management rh gestion carri√®re rejoignant cgi b√©n√©ficiez notamment offre compl√®te formation technique m√©tiers d√©veloppement personnel flexibilit√© gr√¢ce accord t√©l√©travail jusqu jours t√©l√©travail semaine politique cong√©s avantageuse jours cong√©s pay√©s rtt cong√©s anciennet√© enfant malade package avantages int√©ressant r√©gime achats action participation cse,Welcome_to_the_jungle
Data Privacy Analyst F/H,CDI,,AXA,Paris,France m√©tropolitaine,,48.8534951,2.3483915,language,skills,2023-12-26T23:53:18Z,"Data Privacy Specialist F/HParis, FranceLe contexte de cr√©ation du poste¬†: Le Chief Data Protection Officer (CDPO) est charg√© de mettre en place la strat√©gie de protection des donn√©es de la division AXA XL et de diriger l'√©quipe de protection de la vie priv√©e de la deuxi√®me ligne de d√©fense afin d'assurer une conformit√© continue aux exigences r√©glementaires et de protection des donn√©es du groupe AXA.Le Data Privacy Specialist jouera un r√¥le cl√© dans le soutien √† la division AXA XL pour r√©pondre √† ses obligations en mati√®re de lois sur la protection des donn√©es et pour garantir une utilisation responsable de l'IA au sein de la division AXA XL. Qui reportera directement au Divisional Chief Data Privacy Officer (CDPO), le Data Privacy Sp√©cialist sera lui en charge de la protection des donn√©es, soutiendront les questions de conformit√© en mati√®re de protection des donn√©es et d'IA et assistera le CDPO.D√âCOUVREZ votre opportunit√©Quelles seront vos responsabilit√©s essentielles ?‚Ä¢ Participer √† la protection continue de l'utilisation des syst√®mes d'IA au sein de la division :‚Ä¢ Effectuer l'examen des syst√®mes d'IA conform√©ment aux orientations existantes en collaboration avec l'√©quipe de la direction des donn√©es (CDO) et les activit√©s commerciales, et en collaboration avec d'autres membres de l'√©quipe de protection des donn√©es,‚Ä¢ Participer √† l'examen et √† la mise √† jour du cadre d'√©valuation des risques li√©s √† l'IA, suivre la r√©glementation et les orientations‚Ä¢ Participer aux projets de conformit√© pour r√©pondre aux exigences r√©glementaires en mati√®re de protection des donn√©es en collaboration, lorsque cela est n√©cessaire, avec la premi√®re ligne de d√©fense et l'√©quipe de protection des donn√©es‚Ä¢ Adapter, lorsque cela est n√©cessaire, les orientations et les instructions pour se conformer aux nouvelles exigences en mati√®re de protection des donn√©es en √©volution, coordonner et diriger des formations‚Ä¢ R√©alisation d'√©valuations de l'impact sur les transferts et d'√©valuations de l'impact sur la protection des donn√©es sur les projets et les outils.‚Ä¢ R√©alisation de contr√¥les de la deuxi√®me ligne de d√©fense lorsque cela est n√©cessaire, soutien de l'√©quipe de protection des donn√©es dans l'ex√©cution de ces contr√¥les lorsque cela est n√©cessaire, formation des nouveaux membres de l'√©quipe‚Ä¢ Examen de l'ad√©quation des contrats de service ou d'entreprise dans le cadre desquels des activit√©s de traitement de donn√©es personnelles sont effectu√©es.‚Ä¢ Mise √† jour du registre des activit√©s de traitement avec l'activit√© commerciale‚Ä¢ Assister le CDPO dans :‚Ä¢ Coordination de la collecte d'informations aupr√®s des membres de l'√©quipe de protection des donn√©es, remise en question des informations re√ßues, pr√©paration de pr√©sentations pour le CDPO, prise de notes lors des r√©unions, examen des mises √† jour de l'√©quipe de protection des donn√©es pour suivre le processus, et autres t√¢ches d'organisation‚Ä¢ Suivi du travail des DPO locaux et juridiques, notamment dans la r√©gion APAC,‚Ä¢ Travailler avec l'assistant ex√©cutif du RPD sur l'agenda des livrables de l'√©quipe de protection des donn√©es, mettre √† jour les politiques de protection des donn√©es annuelles pour les entreprises juridiques,Vous rendrez compte au CDPO.",data privacy specialist francele contexte cr√©ation poste chief data protection officer cdpo charg√© mettre place strat√©gie protection donn√©es division axa xl diriger protection vie priv√©e deuxi√®me ligne d√©fense afin conformit√© continue exigences r√©glementaires protection donn√©es groupe data privacy specialist jouera r√¥le cl√© soutien division axa xl r√©pondre obligation mati√®re lois protection donn√©es garantir utilisation responsable sein division axa xl reportera directement divisional chief data privacy officer cdpo data privacy sp√©cialist charge protection donn√©es soutiendront question conformit√© mati√®re protection donn√©es assistera opportunit√©quelles responsabilit√©s essentielles participer protection continue syst√®mes sein division effectuer syst√®mes conform√©ment orientation existantes collaboration direction donn√©es cdo activit√©s commerciales collaboration membres protection donn√©es participer mise jour cadre risques li√©s suivre r√©glementation participer projets conformit√© r√©pondre exigences r√©glementaires mati√®re protection donn√©es collaboration lorsque cela n√©cessaire premi√®re ligne d√©fense protection adapter lorsque cela n√©cessaire orientation instruction conformer nouvelles exigences mati√®re protection donn√©es √©volution coordonner diriger r√©alisation transferts protection donn√©es projets r√©alisation contr√¥les deuxi√®me ligne d√©fense lorsque cela n√©cessaire soutien protection donn√©es contr√¥les lorsque cela n√©cessaire formation nouveaux membres examen contrats service cadre desquels activit√©s traitement donn√©es personnelles mise jour registre activit√©s traitement assister cdpo coordination collecte aupr√®s membres protection donn√©es remise question information re√ßues pr√©paration pr√©sentations cdpo prise note lors r√©unions examen mi jour protection donn√©es suivre processus autres t√¢ches suivi travail dpo locaux juridiques notamment r√©gion apac travailler ex√©cutif rpd livrables protection donn√©es mettre jour politiques protection donn√©es annuelles entreprises juridiques rendrez compte cdpo,Welcome_to_the_jungle
