title,type_job,location,source
ARCHERY DATA & ANALYTICS,Tours - 37, 1  CDI  ,apec
(Confidentielle),Seine-Saint-Denis - 93, 2  CDI  ,apec
Pro à Pro,Montauban - 82, 1  CDI  ,apec
Anaya,Paris 01 - 75, 1  CDI  ,apec
,,,apec
,,,apec
,,,apec
EVOTEO,Lyon 07 - 69, 1  CDI  ,apec
DEVOTEAM,Levallois-Perret - 92, 1  CDI  ,apec
Expectra,Montauban - 82, 1  CDI  ,apec
,,,apec
,,,apec
,,,apec
,,,apec
,,,apec
EPSILON France,Paris 11 - 75, 1  CDI  ,apec
,,,apec
DECIDEOM,Lille - 59, 1  CDI  ,apec
CAPGEMINI TECHNOLOGY SERVICES,Issy-les-Moulineaux - 92, 10  CDI  ,apec
,,,apec
Vente Unique ,Paris 19 - 75, 1  CDI  ,apec
SP SEARCH,Paris 02 - 75, 1  CDI  ,apec
,,,apec
Groupe Roullier,Dinard - 35, 1  CDI  ,apec
,,,apec
Enygea,Englos - 59, 1  CDI  ,apec
BUSINESS & DECISION CORPORATE SERVICES,Niort - 79, 1  CDI  ,apec
,,,apec
,,,apec
BUSINESS & DECISION CORPORATE SERVICES,Montpellier - 34, 1  CDI  ,apec
,,,apec
skiils,Suresnes - 92, 1  CDI  ,apec
,,,apec
RECSI-GROUP,Paris 16 - 75, 1  CDI  ,apec
,,,apec
Gravotech Marking,Rillieux-la-Pape - 69, 1  CDI  ,apec
,,,apec
STUDIO RH,Lille - 59, 1  CDI  ,apec
MICHAEL PAGE INTERNATIONAL FRANCE,Courbevoie - 92, 1  CDI  ,apec
Adem LARAB,Rueil-Malmaison - 92, 1  CDI  ,apec
,,,apec
APSIDE,Valbonne - 06, 1  CDI  ,apec
Adequation,Lyon 03 - 69, 1  CDI  ,apec
Kaisens data,Fontenay-sous-Bois - 94, 1  CDI  ,apec
MICHAEL PAGE INTERNATIONAL FRANCE,Guyancourt - 78, 1  CDI  ,apec
,,,apec
,,,apec
COFIDIS,Villeneuve-d'Ascq - 59, 1  CDI  ,apec
,,,apec
Leasecom,Mérignac - 16, 1  CDI  ,apec
TalentSkills Orléans,Paris 01 - 75, 1  CDI  ,apec
GENERATION,Quimper - 29, 2  CDI  ,apec
Amiltone,Dijon - 21, 1  CDI  ,apec
CREAM CONSULTING,Belgique, 1  CDI  ,apec
,,,apec
,,,apec
S&amp;YOU LYON,Nantes - 44, 1  CDI  ,apec
ONEY BANK,Croix - 59, 1  CDI  ,apec
Ressources Mutuelles Assistance,Vertou - 44, 1  CDI  ,apec
,,,apec
