title,type_job,location,source,
ARCHERY DATA & ANALYTICS,Tours - 37, 1  CDI  ,apec,
(Confidentielle),Seine-Saint-Denis - 93, 2  CDI  ,apec,
Pro à Pro,Montauban - 82, 1  CDI  ,apec,
Anaya,Paris 01 - 75, 1  CDI  ,apec,
,,,apec,
,,,apec,
,,,apec,
EVOTEO,Lyon 07 - 69, 1  CDI  ,apec,
DEVOTEAM,Levallois-Perret - 92, 1  CDI  ,apec,
Expectra,Montauban - 82, 1  CDI  ,apec,
,,,apec,
Crédit Agricole Assurances Solutions,Paris 15 - 75, 1  CDI  ,apec,
,,,apec,
INETUM,Lille - 59, 1  CDI  ,apec,
CENISIS,Lille - 59, 1  CDI  ,apec,
EPSILON France,Paris 11 - 75, 1  CDI  ,apec,
FinancePeople,Landerneau - 29, 1  CDI  ,apec,
DECIDEOM,Lille - 59, 1  CDI  ,apec,
CAPGEMINI TECHNOLOGY SERVICES,Issy-les-Moulineaux - 92, 10  CDI  ,apec,
INFOTEL MONACO,Monaco, 1  CDI  ,apec,
Vente Unique ,Paris 19 - 75, 1  CDI  ,apec,
SP SEARCH,Paris 02 - 75, 1  CDI  ,apec,
,,,apec,
,,,apec,
,,,apec,
,,,apec,
BUSINESS & DECISION CORPORATE SERVICES,Niort - 79, 1  CDI  ,apec,
(Confidentielle),Gironde - 33, 1  CDI  ,apec,
ACCES INDUSTRIE,Bordeaux - 33, 1  CDI  ,apec,
BUSINESS & DECISION CORPORATE SERVICES,Montpellier - 34, 1  CDI  ,apec,
2iCS,Lyon 01 - 69, 1  CDD  de 7 mois  ,apec,
skiils,Suresnes - 92, 1  CDI  ,apec,
MP DATA,Boulogne-Billancourt - 92, 1  CDI  ,apec,
RECSI-GROUP,Paris 16 - 75, 1  CDI  ,apec,
Leasecom,Carquefou - 44, 1  CDI  ,apec,
,,,apec,
OPT'IN RECRUTEMENT,Montpellier - 34, 1  CDI  ,apec,
STUDIO RH,Lille - 59, 1  CDI  ,apec,
,,,apec,
,,,apec,
LTD,Paris 08 - 75, 1  Mission d'intérim  de 6 mois  ,apec,
APSIDE,Valbonne - 06, 1  CDI  ,apec,
Adequation,Lyon 03 - 69, 1  CDI  ,apec,
,,,apec,
,,,apec,
Ippon Technologies,Paris 16 - 75, 1  CDI  ,apec,
IN'LI,Puteaux - 92, 1  CDI  ,apec,
,,,apec,
,,,apec,
Leasecom,Mérignac - 16, 1  CDI  ,apec,
TalentSkills Orléans,Paris 01 - 75, 1  CDI  ,apec,
GENERATION,Quimper - 29, 2  CDI  ,apec,
,,,apec,
CREAM CONSULTING,Belgique, 1  CDI  ,apec,
BLUE CONSULTING,Levallois-Perret - 92, 1  CDI  ,apec,
Altelios Technology Group,Aix-en-Provence - 13, 1  CDI  ,apec,
S&amp,YOU LYON,Nantes - 44, 1  CDI  ,apec
ONEY BANK,Croix - 59, 1  CDI  ,apec,
Ressources Mutuelles Assistance,Vertou - 44, 1  CDI  ,apec,
,,,apec,
