title,type_job,salary,compagny,location,language,skills,date,description,source
Data scientist,Contrat à durée indéterminée,"Salaire brut : Annuel de 30000,00 Euros à 45000,00 Euros sur 12 mois, Participation/action","
AMILTONE
",21000 Dijon Bourgogne-Franche-Comté FRANCE,language,skills,2023-12-07,"Counter({'mission': 2, 'data': 2, 'scientist': 2, 'analyser': 2, 'données': 2, 'intégré': 1, 'équipes': 1, 'projets': 1, 'forfait': 1, 'chez': 1, 'client': 1, 'interviendrez': 1, 'projet': 1, 'tant': 1, 'assurez': 1, 'suivantes': 1, 'cadrer': 1, 'challenger': 1, 'besoins': 1, 'métiers': 1, 'elaborer': 1, 'stratégie': 1, 'concevoir': 1, 'développer': 1, 'traitements': 1, 'optimiser': 1, 'flux': 1, 'existants': 1, 'contrôler': 1, 'qualité': 1, 'incident': 1, 'production': 1, 'apporter': 1, 'solution': 1, 'stack': 1, 'technique': 1, 'sa': 1, 'viya': 1, 'dataiku': 1})",pole_emploi
Data scientist,Contrat à durée indéterminée,Salaire brut : selon profil,"
LUX ADVISORY
",   LUXEMBOURG,language,skills,2023-12-07,"Counter({'data': 5, 'données': 5, 'expérience': 4, 'bonne': 4, 'métiers': 3, 'client': 3, 'machine': 3, 'learning': 3, 'forme': 2, 'faire': 2, 'certification': 2, 'préférence': 2, 'statistique': 2, 'scientist': 2, 'professionnelle': 2, 'constitue': 2, 'atout': 2, 'projet': 2, 'mining': 2, 'modèles': 2, 'secteur': 2, 'financier': 2, 'langues': 2, 'division': 1, 'database': 1, 'administration': 1, 'modeling': 1, 'chargée': 1, 'recueillir': 1, 'mettre': 1, 'puis': 1, 'analyser': 1, 'émerger': 1, 'statistiques': 1, 'significatives': 1, 'permettant': 1, 'prendre': 1, 'décisions': 1, 'plus': 1, 'efficacement': 1, 'mission': 1, 'consiste': 1, 'déterminer': 1, 'besoins': 1, 'donner': 1, 'rendre': 1, 'intelligibles': 1, 'exploitables': 1, 'communiquer': 1, 'résultats': 1, 'manière': 1, 'appropriée': 1, 'développer': 1, 'animer': 1, 'groupe': 1, 'travail': 1, 'représentants': 1, 'autour': 1, 'donnée': 1, 'profil': 1, 'recherche': 1, 'diplômes': 1, 'diplôme': 1, 'universitaire': 1, 'bac': 1, 'domaines': 1, 'informatique': 1, 'économiste': 1, 'moins': 1, 'an': 1, 'concrète': 1, 'utilisant': 1, 'lequel': 1, 'savez': 1, 'preuve': 1, 'conception': 1, 'évaluation': 1, 'compétences': 1, 'technique': 1, 'expertise': 1, 'maitrise': 1, 'langages': 1, 'programmation': 1, 'manipulation': 1, 'visualisation': 1, 'python': 1, 'sql': 1, 'compréhension': 1, 'notion': 1, 'probabilité': 1, 'connaissance': 1, 'modélisation': 1, 'française': 1, 'anglaise': 1, 'exigées': 1, 'niveau': 1, 'minimum': 1, 'langue': 1, 'luxembourgeoise': 1})",pole_emploi
Data scientist,Contrat à durée indéterminée,"Salaire brut : Annuel de 30000,00 Euros à 45000,00 Euros sur 12 mois, Participation/action","
AMILTONE
",69100 Villeurbanne Auvergne-Rhône-Alpes FRANCE,language,skills,2023-12-07,"Counter({'mission': 2, 'data': 2, 'scientist': 2, 'analyser': 2, 'données': 2, 'intégré': 1, 'équipes': 1, 'projets': 1, 'forfait': 1, 'chez': 1, 'client': 1, 'interviendrez': 1, 'projet': 1, 'tant': 1, 'assurez': 1, 'suivantes': 1, 'cadrer': 1, 'challenger': 1, 'besoins': 1, 'métiers': 1, 'elaborer': 1, 'stratégie': 1, 'concevoir': 1, 'développer': 1, 'traitements': 1, 'optimiser': 1, 'flux': 1, 'existants': 1, 'contrôler': 1, 'qualité': 1, 'incident': 1, 'production': 1, 'apporter': 1, 'solution': 1, 'stack': 1, 'technique': 1, 'sa': 1, 'viya': 1, 'dataiku': 1})",pole_emploi
Data scientist,Contrat à durée indéterminée,"Salaire brut : Mensuel de 2500,00 Euros à 3500,00 Euros sur 12 mois","
IKADRAN
",33600 Pessac Nouvelle-Aquitaine FRANCE,language,skills,2023-12-06,"Counter({'données': 13, 'expertise': 3, 'technique': 3, 'projets': 3, 'compétences': 3, 'learning': 3, 'compris': 3, 'comme': 3, 'passion': 2, 'complex': 2, 'modèles': 2, 'gestion': 2, 'nettoyage': 2, 'modélisation': 2, 'visualisation': 2, 'équipes': 2, 'science': 2, 'avancées': 2, 'deep': 2, 'capacité': 2, 'travailler': 2, 'expérience': 2, 'cloud': 2, 'outils': 2, 'recherchons': 1, 'data': 1, 'scientist': 1, 'possédant': 1, 'exceptionnelle': 1, 'jouerez': 1, 'rôle': 1, 'crucial': 1, 'conduite': 1, 'responsable': 1, 'transformer': 1, 'information': 1, 'stratégiques': 1, 'influencent': 1, 'directement': 1, 'décisions': 1, 'responsabilités': 1, 'conception': 1, 'mise': 1, 'œuvre': 1, 'prédictifs': 1, 'prescriptifs': 1, 'descriptifs': 1, 'résoudre': 1, 'problèmes': 1, 'variés': 1, 'cycle': 1, 'vie': 1, 'collecte': 1, 'résultats': 1, 'collaboration': 1, 'étroite': 1, 'développement': 1, 'marketing': 1, 'ventes': 1, 'support': 1, 'intégrer': 1, 'analysis': 1, 'insight': 1, 'processus': 1, 'produits': 1, 'formation': 1, 'mentorat': 1, 'membres': 1, 'meilleures': 1, 'pratiques': 1, 'requises': 1, 'statistique': 1, 'machine': 1, 'svm': 1, 'réseaux': 1, 'neuronaux': 1, 'convolutifs': 1, 'lstm': 1, 'gan': 1, 'ensemble': 1, 'massif': 1, 'hétérogènes': 1, 'non': 1, 'structurées': 1, 'maîtrise': 1, 'langages': 1, 'programmation': 1, 'python': 1, 'r': 1, 'familiarité': 1, 'java': 1, 'scala': 1, 'framework': 1, 'tels': 1, 'tensorflow': 1, 'kera': 1, 'pytorch': 1, 'optimisation': 1, 'réduction': 1, 'complexité': 1, 'computationnelle': 1, 'extraction': 1, 'ingénierie': 1, 'caractéristiques': 1, 'connaissance': 1, 'avancée': 1, 'systèmes': 1, 'base': 1, 'mysql': 1, 'mongodb': 1, 'cassandra': 1, 'utilisation': 1, 'plateformes': 1, 'computing': 1, 'traitement': 1, 'aws': 1, 'azure': 1, 'google': 1, 'bibliothèques': 1, 'spécialisés': 1, 'talend': 1, 'informatica': 1, 'qualification': 1, 'supplémentaires': 1, 'diriger': 1, 'gérer': 1, 'sou': 1, 'pression': 1, 'recherche': 1, 'continue': 1, 'nouvelles': 1, 'technology': 1, 'méthodologies': 1})",pole_emploi
Data scientist,Contrat à durée indéterminée,"Salaire brut : Annuel de 39000,00 Euros à 49000,00 Euros sur 12 mois, Chèque repas, CE","
OPEN
",22300 Lannion Bretagne FRANCE,language,skills,2023-12-05,"Counter({'e': 9, 'niveau': 4, 'équipe': 3, 'expert': 3, 'maitrise': 3, 'recrutement': 3, 'compétences': 2, 'mission': 2, 'développement': 2, 'rejoindre': 2, 'open': 2, 'projets': 2, 'intelligence': 2, 'artificielle': 2, 'lannion': 2, 'attend': 2, 'contrôle': 2, 'mathématiques': 2, 'thermique': 2, 'maîtrise': 2, 'technique': 2, 'tout': 2, 'attentes': 2, 'premier': 2, 'échange': 2, 'entretien': 2, 'recherche': 1, 'société': 1, 'collaborateurs': 1, 'saura': 1, 'mettre': 1, 'valeur': 1, 'devriez': 1, 'lira': 1, 'suit': 1, 'contexte': 1, 'business': 1, 'unit': 1, 'référence': 1, 'matière': 1, 'web': 1, 'mobile': 1, 'sig': 1, 'faire': 1, 'partie': 1, 'groupe': 1, 'solide': 1, 'pleine': 1, 'croissance': 1, 'conçoit': 1, 'intègre': 1, 'solution': 1, 'innovantes': 1, 'demain': 1, 'venez': 1, 'cadre': 1, 'nouveaux': 1, 'marchés': 1, 'recrutons': 1, 'data': 1, 'cdi': 1, 'poste': 1, 'basé': 1, 'intégré': 1, 'sein': 1, 'client': 1, 'amené': 1, 'développer': 1, 'modèle': 1, 'optimisé': 1, 'systèmes': 1, 'refroidissement': 1, 'tenant': 1, 'compte': 1, 'plusieurs': 1, 'contraintes': 1, 'températures': 1, 'consommation': 1, 'énergétique': 1, 'analyser': 1, 'manipuler': 1, 'volume': 1, 'très': 1, 'importants': 1, 'données': 1, 'diver': 1, 'intégrer': 1, 'développements': 1, 'contrôleur': 1, 'vue': 1, 'valider': 1, 'laboratoire': 1, 'environnement': 1, 'professionnel': 1, 'anglophone': 1, 'diplômé': 1, 'informatique': 1, 'possédez': 1, 'expérience': 1, 'moins': 1, 'an': 1, 'fonction': 1, 'similaire': 1, 'bonnes': 1, 'connaissances': 1, 'métrologie': 1, 'énergie': 1, 'modèles': 1, 'prédictifs': 1, 'permettra': 1, 'rapidement': 1, 'autonome': 1, 'fonctions': 1, 'connaissance': 1, 'appliquées': 1, 'réseaux': 1, 'neurones': 1, 'atout': 1, 'certain': 1, 'essentiel': 1, 'enfin': 1, 'reconnu': 1, 'capacités': 1, 'travailler': 1, 'côté': 1, 'python': 1, 'matlbab': 1, 'autocad': 1, 'reconnaissez': 1, 'profil': 1, 'voici': 1, 'intégration': 1, 'individualisée': 1, 'bonne': 1, 'humeur': 1, 'accompagnement': 1, 'managérial': 1, 'rh': 1, 'proximité': 1, 'long': 1, 'parcours': 1, 'équipes': 1, 'expertes': 1, 'passionnées': 1, 'hauteur': 1, 'challenge': 1, 'cohésion': 1, 'réelles': 1, 'perspective': 1, 'process': 1, 'téléphonique': 1, 'comprendre': 1, 'membre': 1, 'suite': 1, 'cet': 1, 'convié': 1, 'manager': 1, 'carole': 1, 'chargée': 1, 'ressources': 1, 'humaines': 1, 'deuxième': 1, 'proposé': 1, 'afin': 1, 'parler': 1, 'engagement': 1, 'répondre': 1, 'toutes': 1, 'candidature': 1, 'apporter': 1, 'soin': 1, 'méritent': 1, 'être': 1})",pole_emploi
Data scientist (H/F),Contrat à durée indéterminée,"Salaire brut : Annuel de 25000,00 Euros à 40000,00 Euros sur 12 mois","
CLEEVEN SE
",06410 Biot Provence-Alpes-Côte d'Azur FRANCE,language,skills,2023-12-07,"Counter({'data': 3, 'analyse': 3, 'sein': 2, 'oeuvre': 2, 'technique': 2, 'statistiques': 2, 'machine': 2, 'learning': 2, 'attentes': 2, 'données': 2, 'statistique': 2, 'structurées': 2, 'méthodes': 2, 'équipes': 1, 'science': 1, 'recherchons': 1, 'futur': 1, 'scientist': 1, 'accompagner': 1, 'différents': 1, 'projets': 1, 'mettant': 1, 'fondamentales': 1, 'prédictives': 1, 'nombreuses': 1, 'mission': 1, 'telles': 1, 'synthèses': 1, 'fonctionnelles': 1, 'patrimoine': 1, 'définition': 1, 'modélisation': 1, 'permette': 1, 'répondre': 1, 'sourcer': 1, 'rassembler': 1, 'source': 1, 'non': 1, 'nécessaires': 1, 'etude': 1, 'comparaison': 1, 'acp': 1, 'régression': 1, 'logistique': 1, 'random': 1, 'forest': 1, 'mise': 1, 'exploitation': 1, 'modèles': 1, 'r': 1, 'sa': 1, 'python': 1, 'spss': 1, 'recherche': 1, 'performance': 1, 'algorithmes': 1, 'synthèse': 1, 'information': 1, 'résultats': 1, 'veille': 1, 'technologique': 1, 'autour': 1, 'big': 1, 'décisionnelle': 1, 'participer': 1, 'qualification': 1, 'solution': 1, 'diplômé': 1, 'e': 1, 'école': 1, 'universitaire': 1, 'pratique': 1, 'quotidienne': 1, 'fait': 1, 'peur': 1, 'alors': 1, 'venez': 1, 'vivre': 1, 'société': 1, 'dynamique': 1, 'innovante': 1})",pole_emploi
Data scientist,Contrat à durée indéterminée,"Salaire brut : Annuel de 40000,00 Euros à 43000,00 Euros sur 12 mois, Primes, Chèque repas",,  Île-de-France FRANCE,language,skills,2023-12-07,"Counter({'data': 4, 'plus': 3, 'machine': 3, 'learning': 3, 'connaissance': 3, 'capacité': 3, 'fidélité': 2, 'retail': 2, 'artificielle': 2, 'solution': 2, 'consommateurs': 2, 're': 2, 'produits': 2, 'environnement': 2, 'projets': 2, 'sou': 2, 'supervisé': 2, 'sein': 2, 'secteur': 2, 'grande': 2, 'recommandation': 2, 'algorithmes': 2, 'big': 2, 'r': 2, 'équipe': 2, 'mathématiques': 2, 'appliquées': 2, 'statistiques': 2, 'compétences': 2, 'régression': 2, 'attrait': 2, 'untienots': 1, 'révolutionne': 1, 'promotion': 1, 'grâce': 1, 'permet': 1, 'distributeurs': 1, 'données': 1, 'carte': 1, 'géolocalisation': 1, 'navigation': 1, 'web': 1, 'fidélisons': 1, 'fis': 1, 'fide': 1, 'lisants': 1, 'ludiques': 1, 'gagner': 1, 'ductions': 1, 'personnalise': 1, 'leurs': 1, 'marque': 1, 'pre': 1, 'fe': 1, 'accompagnée': 1, 'wilco': 1, 'fait': 1, 'partie': 1, 'prometteuses': 1, 'monde': 1, 'selon': 1, 'notation': 1, 'early': 1, 'metric': 1, 'atouts': 1, 'jeune': 1, 'très': 1, 'ambitieuse': 1, 'pleine': 1, 'croissance': 1, 'mêlant': 1, 'impact': 1, 'concret': 1, 'ambition': 1, 'scientifique': 1, 'contexte': 1, 'international': 1, 'forte': 1, 'expertise': 1, 'métier': 1, 'utilisation': 1, 'techno': 1, 'pointe': 1, 'encadrement': 1, 'bienveillant': 1, 'apprendre': 1, 'mission': 1, 'responsabilité': 1, 'lead': 1, 'travaillez': 1, 'variés': 1, 'ia': 1, 'non': 1, 'distribution': 1, 'consommation': 1, 'prévision': 1, 'comportement': 1, 'client': 1, 'création': 1, 'segmentation': 1, 'industrialisez': 1, 'participez': 1, 'ouverte': 1, 'méthode': 1, 'agile': 1, 'profil': 1, 'formation': 1, 'diplômé': 1, 'e': 1, 'bac': 1, 'ecole': 1, 'master': 1, 'universitaire': 1, 'spécialisé': 1, 'science': 1, 'intelligence': 1, 'technique': 1, 'connaissances': 1, 'usuels': 1, 'linéaire': 1, 'logistique': 1, 'random': 1, 'forest': 1, 'svm': 1, 'fort': 1, 'tech': 1, 'programmer': 1, 'former': 1, 'différents': 1, 'langages': 1, 'environnements': 1, 'maîtrise': 1, 'python': 1, 'framework': 1, 'mapreduce': 1, 'spark': 1, 'mllib': 1, 'graphx': 1, 'appréciée': 1, 'qualités': 1, 'attendues': 1, 'autonomie': 1, 'rigueur': 1, 'précision': 1, 'travailler': 1, 'esprit': 1, 'lieu': 1, 'poste': 1, 'basé': 1, 'paris': 1})",pole_emploi
Lead Data Scientist (H/F),Contrat à durée indéterminée,"Salaire brut : Mensuel de 3666,00 Euros à 5166,00 Euros sur 12 mois, Primes, Chèque repas","
QUANTMETRY
",75008 Paris Île-de-France FRANCE,language,skills,2023-12-04,"Counter({'data': 6, 'technique': 4, 'e': 3, 'celui': 3, 'quantmetry': 3, 'comme': 3, 'expérience': 3, 'forte': 2, 'pouvant': 2, 'fois': 2, 'connaissances': 2, 'distribution': 2, 'sein': 2, 'travers': 2, 'projets': 2, 'quantitative': 2, 'manager': 2, 'vers': 2, 'ainsi': 2, 'monde': 2, 'science': 2, 'aussi': 2, 'tant': 2, 'lead': 2, 'an': 2, 'avoir': 2, 'plus': 2, 'learning': 2, 'autonome': 2, 'recrutons': 1, 'personnes': 1, 'appétence': 1, 'peur': 1, 'participer': 1, 'débats': 1, 'enflammés': 1, 'capable': 1, 'double': 1, 'casquette': 1, 'consultant': 1, 'métier': 1, 'domaine': 1, 'prédilection': 1, 'big': 1, 'banque': 1, 'assurance': 1, 'pharmaceutique': 1, 'grande': 1, 'énergie': 1, 'industrie': 1, 'transport': 1, 'marketing': 1, 'santé': 1, 'rôle': 1, 'relèvera': 1, 'pilier': 1, 'gestion': 1, 'permettra': 1, 'faire': 1, 'valoir': 1, 'expertise': 1, 'sujets': 1, 'composante': 1, 'secteurs': 1, 'variés': 1, 'aider': 1, 'projeter': 1, 'sereinement': 1, 'proposons': 1, 'plan': 1, 'carrière': 1, 'deux': 1, 'chemins': 1, 'possible': 1, 'stratège': 1, 'menant': 1, 'équipes': 1, 'but': 1, 'commun': 1, 'réussite': 1, 'ia': 1, 'être': 1, 'considéré': 1, 'référence': 1, 'poste': 1, 'compris': 1, 'passionnant': 1, 'positionnement': 1, 'recommandé': 1, 'prendre': 1, 'part': 1, 'scientist': 1, 'senior': 1, 'significative': 1, 'cabinet': 1, 'conseil': 1, 'esn': 1, 'etre': 1, 'capacité': 1, 'équipe': 1, 'interne': 1, 'externe': 1, 'mission': 1, 'domaines': 1, 'si': 1, 'savez': 1, 'coder': 1, 'yeux': 1, 'fermés': 1, 'python': 1, 'r': 1, 'solides': 1, 'roc': 1, 'machine': 1, 'statistiques': 1, 'analyse': 1, 'google': 1, 'car': 1, 'prudent': 1, 'voiture': 1, 'pouvez': 1, 'endormir': 1, 'sans': 1, 'relu': 1, 'énième': 1, 'the': 1, 'element': 1, 'of': 1, 'statistical': 1, 'postuler': 1})",pole_emploi
Data scientist spécialisé en typographie (H/F),Contrat à durée indéterminée,"Salaire brut : Annuel de 32000,00 Euros à 36000,00 Euros sur 12 mois, Pc portable, Chèque repas",,75003 Paris Île-de-France FRANCE,language,skills,2023-12-07,"Counter({'typographie': 8, 'données': 5, 'font': 4, 'ninja': 3, 'développer': 3, 'data': 3, 'scientist': 3, 'tendances': 3, 'compétences': 3, 'chez': 2, 'business': 2, 'nouvelles': 2, 'tant': 2, 'liées': 2, 'améliorer': 2, 'plateforme': 2, 'modèles': 2, 'insight': 2, 'utilisateurs': 2, 'travailler': 2, 'domaine': 2, 'fasciné': 1, 'convaincu': 1, 'impact': 1, 'imaginé': 1, 'lancé': 1, 'deux': 1, 'produits': 1, 'innovants': 1, 'typo': 1, 'radar': 1, 'change': 1, 'game': 1, 'découverte': 1, 'typography': 1, 'designer': 1, 'seule': 1, 'solution': 1, 'aide': 1, 'artiste': 1, 'auteur': 1, 'protéger': 1, 'leurs': 1, 'créations': 1, 'recherche': 1, 'talentueux': 1, 'passionné': 1, 'renforcer': 1, 'équipe': 1, 'dynamique': 1, 'description': 1, 'poste': 1, 'jouerez': 1, 'rôle': 1, 'clé': 1, 'révolutionnaire': 1, 'responsable': 1, 'avancés': 1, 'fournir': 1, 'stratégiques': 1, 'optimiser': 1, 'responsabilités': 1, 'analyser': 1, 'identifier': 1, 'motif': 1, 'prédictifs': 1, 'algorithmes': 1, 'recommandation': 1, 'étroite': 1, 'collaboration': 1, 'développement': 1, 'intégrer': 1, 'participer': 1, 'création': 1, 'fonctionnalités': 1, 'basées': 1, 'maximiser': 1, 'satisfaction': 1, 'requises': 1, 'expérience': 1, 'avérée': 1, 'maîtrise': 1, 'outils': 1, 'langages': 1, 'traitement': 1, 'python': 1, 'r': 1, 'solides': 1, 'modélisation': 1, 'statistique': 1, 'apprentissage': 1, 'automatique': 1, 'compréhension': 1, 'approfondie': 1, 'technique': 1, 'émergentes': 1, 'qualités': 1, 'personnelles': 1, 'passion': 1, 'esprit': 1, 'excellentes': 1, 'communication': 1, 'capacité': 1, 'manière': 1, 'autonome': 1, 'prendre': 1, 'initiative': 1, 'créativité': 1, 'désir': 1, 'repousser': 1, 'limites': 1, 'avantages': 1, 'télétravail': 1, 'partiel': 1, 'matériel': 1, 'qualité': 1, 'choix': 1, 'ticket': 1, 'restaurant': 1, 'mutuelle': 1, 'remboursement': 1, 'titre': 1, 'transport': 1})",pole_emploi
Data scientist,Contrat à durée indéterminée,"Salaire brut : Mensuel de 2800,00 Euros à 3300,00 Euros sur 12 mois, Primes, Chèque repas","
MLMC
",93160 Noisy-le-Grand Île-de-France FRANCE,language,skills,2023-12-07,"Counter({'data': 6, 'science': 5, 'compétences': 5, 'computer': 3, 'vision': 3, 'librairies': 3, 'poste': 2, 'clef': 2, 'développer': 2, 'sujets': 2, 'bout': 2, 'accompagnement': 2, 'artificielle': 2, 'partenaires': 2, 'profil': 2, 'technique': 2, 'traitement': 2, 'learning': 2, 'optionnel': 2, 'client': 2, 'donc': 2, 'capable': 2, 'descriptif': 1, 'élément': 1, 'chaîne': 1, 'charge': 1, 'chance': 1, 'rejoindre': 1, 'aventure': 1, 'ambitionne': 1, 'devenir': 1, 'acteur': 1, 'important': 1, 'monde': 1, 'mission': 1, 'type': 1, 'porter': 1, 'réalisation': 1, 'cadre': 1, 'projets': 1, 'forfait': 1, 'service': 1, 'scientist': 1, 'apporter': 1, 'expertise': 1, 'intelligence': 1, 'stratégie': 1, 'assurer': 1, 'stratégique': 1, 'développement': 1, 'marque': 1, 'mlmconseil': 1, 'recherché': 1, 'phd': 1, 'parcours': 1, 'universitaire': 1, 'école': 1, 'an': 1, 'minimum': 1, 'possédez': 1, 'également': 1, 'suivante': 1, 'solides': 1, 'programmation': 1, 'informatique': 1, 'python': 1, 'expériences': 1, 'opencv': 1, 'tensor': 1, 'flow': 1, 'kera': 1, 'autres': 1, 'deep': 1, 'machine': 1, 'photo': 1, 'flux': 1, 'camera': 1, 'framework': 1, 'mlflow': 1, 'dlib': 1, 'flask': 1, 'mediapipe': 1, 'plus': 1, 'appréciable': 1, 'amené': 1, 'e': 1, 'travailler': 1, 'internationaux': 1, 'bon': 1, 'niveau': 1, 'exigé': 1, 'déplacements': 1, 'prévoir': 1, 'chez': 1, 'permis': 1, 'b': 1, 'fortement': 1, 'souhaité': 1, 'recherchons': 1, 'autonome': 1, 'force': 1, 'proposition': 1, 'atelier': 1, 'spec': 1, 'présentations': 1, 'ravi': 1, 'équipe': 1, 'passionnés': 1, 'bonnes': 1, 'capacités': 1, 'relationnelles': 1, 'capacité': 1, 'vulgariser': 1, 'problématiques': 1, 'informatiques': 1, 'bonne': 1, 'présentation': 1, 'nécessaires': 1, 'intervention': 1, 'clientèle': 1, 'si': 1, 'jouer': 1, 'rôle': 1, 'product': 1, 'owner': 1, 'cp': 1, 'fonctionnel': 1, 'très': 1, 'apprécié': 1})",pole_emploi
SENIOR DATA SCIENTIST PRODUCT OWNER H/F INSTRUMENTATION (H/F),Contrat à durée indéterminée,"Salaire brut : Annuel de 55000,00 Euros à 65000,00 Euros sur 12 mois","
ACAVI
",  Île-de-France FRANCE,language,skills,2023-12-06,"Counter({'data': 6, 'solution': 6, 'o': 6, 'expérience': 5, 'client': 4, 'assurer': 4, 'scientist': 3, 'développement': 3, 'compétences': 3, 'outils': 3, 'assurez': 3, 'algorithmes': 3, 'logiciels': 3, 'rôle': 3, 'science': 3, 'product': 2, 'owner': 2, 'instrumentation': 2, 'scientifiques': 2, 'groupe': 2, 'méthodologies': 2, 'formation': 2, 'technique': 2, 'charge': 2, 'algorithmiques': 2, 'besoins': 2, 'projets': 2, 'produits': 2, 'application': 2, 'etc': 2, 'données': 2, 'logiciel': 2, 'développements': 2, 'mesure': 2, 'gestion': 2, 'poste': 2, 'management': 2, 'significative': 2, 'senior': 1, 'cdi': 1, 'idf': 1, 'sud': 1, 'société': 1, 'française': 1, 'spécialisée': 1, 'mise': 1, 'œuvre': 1, 'service': 1, 'équipements': 1, 'matière': 1, 'base': 1, 'neutronique': 1, 'rejoignez': 1, 'équipe': 1, 'professionnelle': 1, 'dynamique': 1, 'agréable': 1, 'accompagnez': 1, 'faite': 1, 'monter': 1, 'sein': 1, 'systèmes': 1, 'neutroniques': 1, 'mettant': 1, 'place': 1, 'guide': 1, 'gérez': 1, 'moyens': 1, 'humains': 1, 'développées': 1, 'répondre': 1, 'ainsi': 1, 'cohérence': 1, 'stratégie': 1, 'mission': 1, 'pilotage': 1, 'cadrage': 1, 'nécessaires': 1, 'bon': 1, 'fonctionnement': 1, 'phase': 1, 'déploiement': 1, 'maintenance': 1, 'responsable': 1, 'produit': 1, 'produire': 1, 'coordonner': 1, 'organiser': 1, 'partie': 1, 'algorithmie': 1, 'lors': 1, 'différentes': 1, 'étapes': 1, 'vie': 1, 'titre': 1, 'bonne': 1, 'coordination': 1, 'système': 1, 'aussi': 1, 'interne': 1, 'sav': 1, 'lesquels': 1, 'interface': 1, 'fonctionnel': 1, 'niveaux': 1, 'stratégique': 1, 'tactique': 1, 'opérationnel': 1, 'fixer': 1, 'être': 1, 'garant': 1, 'facilitant': 1, 'qualification': 1, 'itératifs': 1, 'maintenabilité': 1, 'suivi': 1, 'performance': 1, 'maintenir': 1, 'opération': 1, 'existants': 1, 'veille': 1, 'domaine': 1, 'métier': 1, 'participer': 1, 'réseaux': 1, 'partenaires': 1, 'benchmarker': 1, 'conseiller': 1, 'guider': 1, 'montée': 1, 'ingénieurs': 1, 'contribuer': 1, 'patrimoine': 1, 'promouvoir': 1, 'innovantes': 1, 'traitement': 1, 'atouts': 1, 'niveau': 1, 'ingénieur': 1, 'master': 1, 'dominante': 1, 'spécialisation': 1, 'sujet': 1, 'connexe': 1, 'appliquée': 1, 'physique': 1, 'notamment': 1, 'nucléaire': 1, 'souhaitée': 1, 'justifiez': 1, 'impérative': 1, 'plus': 1, 'an': 1, 'tant': 1, 'lead': 1, 'secteur': 1, 'périmètre': 1, 'proche': 1, 'similaire': 1, 'projet': 1, 'multidisciplinaire': 1, 'solide': 1, 'recherchée': 1, 'candidat': 1, 'possédant': 1, 'appétence': 1, 'maîtrise': 1, 'langages': 1, 'technology': 1, 'matlab': 1, 'python': 1, 'machine': 1, 'learning': 1, 'scientifique': 1, 'environnement': 1, 'agile': 1, 'alm': 1, 'tuleap': 1, 'capacité': 1, 'communiquer': 1, 'manière': 1, 'pédagogique': 1, 'sujets': 1, 'complex': 1, 'savez': 1, 'parfaitement': 1, 'exprimer': 1, 'anglais': 1, 'envoyez': 1, 'rapidement': 1, 'candidature': 1, 'cv': 1, 'lettre': 1, 'motivation': 1, 'sou': 1, 'référence': 1})",pole_emploi
Ingénieur Data Scientist expérimenté - (H/F),Contrat à durée indéterminée,"Salaire brut : Annuel de 40000,00 Euros à 60000,00 Euros sur 12 mois","
CS GROUP - FRANCE
",31000 Toulouse Occitanie FRANCE,language,skills,2023-12-06,"Counter({'data': 7, 'technique': 4, 'business': 3, 'scientist': 2, 'unit': 2, 'industrie': 2, 'intelligence': 2, 'client': 2, 'transformation': 2, 'digitale': 2, 'prédictive': 2, 'digitalisation': 2, 'processus': 2, 'mission': 2, 'r': 2, 'compétences': 2, 'programme': 2, 'simulation': 2, 'développement': 2, 'systèmes': 2, 'engagement': 2, 'recrutons': 1, 'ingénieur': 1, 'expérimenté': 1, 'rejoindre': 1, 'sein': 1, 'line': 1, 'process': 1, 'accompagne': 1, 'leurs': 1, 'problématiques': 1, 'associées': 1, 'offres': 1, 'déclinent': 1, 'autour': 1, 'maintenance': 1, 'industriels': 1, 'si': 1, 'métiers': 1, 'analyser': 1, 'gros': 1, 'volume': 1, 'données': 1, 'type': 1, 'temporelle': 1, 'développer': 1, 'déployer': 1, 'modèles': 1, 'prédictifs': 1, 'assurer': 1, 'communication': 1, 'contribuer': 1, 'activités': 1, 'prospection': 1, 'compréhension': 1, 'besoin': 1, 'proposition': 1, 'solution': 1, 'réalisation': 1, 'java': 1, 'python': 1, 'spark': 1, 'time': 1, 'series': 1, 'formation': 1, 'expérience': 1, 'minimum': 1, 'an': 1, 'tant': 1, 'maîtrise': 1, 'mining': 1, 'machine': 1, 'learning': 1, 'architecture': 1, 'bigdata': 1, 'indispensable': 1, 'fonction': 1, 'niveau': 1, 'courant': 1, 'requis': 1, 'autonome': 1, 'savez': 1, 'faire': 1, 'preuve': 1, 'doté': 1, 'bon': 1, 'relationnel': 1, 'sen': 1, 'service': 1, 'alors': 1, 'pépite': 1, 'recherchons': 1, 'a': 1, 'égales': 1, 'poste': 1, 'ouvert': 1, 'personnes': 1, 'situation': 1, 'handicap': 1, 'contribue': 1, 'développements': 1, 'domaines': 1, 'critique': 1, 'acteur': 1, 'référent': 1, 'donnée': 1, 'engineering': 1, 'science': 1, 'plm': 1, 'numérique': 1, 'logiciels': 1, 'embarqués': 1, 'certifiés': 1, 'ainsi': 1, 'sécurisation': 1, 'cybersécurité': 1, 'pourquoi': 1, 'choisir': 1, 'c': 1, 'group': 1, 'filière': 1, 'expert': 1, 'valorise': 1, 'budget': 1, 'million': 1, 'sociétaux': 1, 'environnementaux': 1, 'index': 1, 'professionnelle': 1, 'partenaire': 1, 'elles': 1, 'bougent': 1, 'membre': 1, 'planète': 1, 'tech': 1, 'care': 1, 'etc': 1, 'bien': 1, 'sûr': 1, 'possibilité': 1, 'télétravailler': 1, 'cooptation': 1, 'complémentaire': 1, 'santé': 1, 'rtt': 1})",pole_emploi
Data scientist,Contrat à durée indéterminée,Salaire brut : en fonction de l'expérience,"
DAG SYSTEM
",69100 Villeurbanne Auvergne-Rhône-Alpes FRANCE,language,skills,2023-12-05,"Counter({'données': 4, 'e': 3, 'solution': 2, 'data': 2, 'développeurs': 2, 'structurées': 2, 'construire': 2, 'modèles': 2, 'machine': 2, 'learning': 2, 'bon': 2, 'contrat': 2, 'cdi': 2, 'dag': 1, 'system': 1, 'entreprise': 1, 'spécialisée': 1, 'fourniture': 1, 'connectées': 1, 'capteurs': 1, 'web': 1, 'software': 1, 'technologie': 1, 'rfid': 1, 'évolue': 1, 'principalement': 1, 'trois': 1, 'secteurs': 1, 'france': 1, 'internationale': 1, 'sport': 1, 'tourisme': 1, 'industrie': 1, 'cadre': 1, 'politique': 1, 'recrutement': 1, 'recherche': 1, 'scientist': 1, 'intervenir': 1, 'collaboration': 1, 'bureau': 1, 'mission': 1, 'organiser': 1, 'massif': 1, 'non': 1, 'interne': 1, 'externes': 1, 'jeux': 1, 'nécessaires': 1, 'modélisation': 1, 'analytiques': 1, 'permettent': 1, 'répondre': 1, 'problématiques': 1, 'métiers': 1, 'élaborer': 1, 'explicatifs': 1, 'prédictifs': 1, 'afin': 1, 'compétences': 1, 'requises': 1, 'python': 1, 'r': 1, 'intelligence': 1, 'artificielle': 1, 'science': 1, 'base': 1, 'relationnelle': 1, 'nosql': 1, 'profil': 1, 'recherché': 1, 'travaillerez': 1, 'petite': 1, 'équipe': 1, 'composés': 1, 'jeunes': 1, 'senior': 1, 'dont': 1, 'totalisent': 1, 'plus': 1, 'vingt': 1, 'an': 1, 'développement': 1, 'informatique': 1, 'diplôme': 1, 'souhaité': 1, 'doctorant': 1, 'ia': 1, 'doté': 1, 'relationnel': 1, 'appréciez': 1, 'travailler': 1, 'sein': 1, 'collectif': 1, 'faites': 1, 'preuve': 1, 'esprit': 1, 'reconnu': 1, 'ouverture': 1, 'écoute': 1, 'capacité': 1, 'adapter': 1, 'contextes': 1, 'interlocuteurs': 1, 'variés': 1, 'organisé': 1, 'travaillez': 1, 'manière': 1, 'autonome': 1, 'tout': 1, 'sachant': 1, 'solliciter': 1, 'ca': 1, 'blocage': 1, 'modalités': 1, 'poste': 1, 'pourvoir': 1, 'rémunération': 1, 'annuelle': 1, 'fonction': 1, 'temp': 1, 'travail': 1, 'semaine': 1})",pole_emploi
Data Scientist en Recherche Appliquée - Confirmé (H/F),Contrat à durée indéterminée,Salaire brut : à négocier selon profil,"
SOCOMEC
",67230 Benfeld Grand Est FRANCE,language,skills,2023-12-01,"Counter({'données': 3, 'service': 2, 'développement': 2, 'artificielle': 2, 'systèmes': 2, 'métier': 2, 'équipes': 2, 'science': 2, 'projets': 2, 'sujets': 2, 'sein': 1, 'recherche': 1, 'appliquée': 1, 'intégrez': 1, 'équipe': 1, 'charge': 1, 'dédiés': 1, 'mesure': 1, 'pilotage': 1, 'électriques': 1, 'cadre': 1, 'mission': 1, 'consistent': 1, 'comprendre': 1, 'précisément': 1, 'problématiques': 1, 'traduire': 1, 'manière': 1, 'analytique': 1, 'identifier': 1, 'collecter': 1, 'préparer': 1, 'réaliser': 1, 'première': 1, 'analyse': 1, 'statistique': 1, 'développer': 1, 'algorithmes': 1, 'permettant': 1, 'répondre': 1, 'problèmes': 1, 'posés': 1, 'veiller': 1, 'industrialisation': 1, 'communiquer': 1, 'résultats': 1, 'solution': 1, 'confrontant': 1, 'accompagner': 1, 'permettre': 1, 'montée': 1, 'compétences': 1, 'profil': 1, 'titulaire': 1, 'diplôme': 1, 'intelligence': 1, 'génie': 1, 'électrique': 1, 'électronique': 1, 'expérience': 1, 'significative': 1, 'disposez': 1, 'connaissances': 1, 'embarqués': 1, 'rompus': 1, 'gestion': 1, 'ouverture': 1, 'alliée': 1, 'force': 1, 'proposition': 1, 'capacité': 1, 'synthétiser': 1, 'vulgarisant': 1, 'permettent': 1, 'échanges': 1, 'métiers': 1, 'regard': 1, 'dimension': 1, 'internationale': 1, 'groupe': 1, 'également': 1, 'développés': 1, 'maitrise': 1, 'niveau': 1, 'minimum': 1, 'impérative': 1, 'envie': 1, 'relever': 1, 'défi': 1, 'alors': 1, 'venez': 1, 'aussi': 1, 'contribuer': 1, 'socomec': 1, 'qualité': 1, 'produits': 1, 'performance': 1, 'notoriété': 1, 'référence': 1})",pole_emploi
Data Scientist / Développeur.se Dataiku (H/F),Contrat à durée indéterminée,"Salaire brut : Pc portable, Selon le profil","
Glanum
",84000 Avignon Provence-Alpes-Côte d'Azur FRANCE,language,skills,2023-11-20,"Counter({'données': 10, 'dataiku': 5, 'macro': 4, 'projets': 4, 'gestion': 4, 'pratiques': 4, 'bonnes': 3, 'utilisateurs': 3, 'analysis': 3, 'migration': 3, 'développement': 2, 'développer': 2, 'nettoyage': 2, 'validation': 2, 'métier': 2, 'matière': 2, 'efficace': 2, 'support': 2, 'technique': 2, 'développées': 2, 'question': 2, 'dashboard': 2, 'résultats': 2, 'solution': 2, 'processus': 2, 'data': 2, 'lake': 2, 'communication': 2, 'objectifs': 2, 'projet': 2, 'besoins': 2, 'claire': 2, 'comme': 2, 'complex': 2, 'passion': 2, 'aimes': 2, 'digital': 2, 'peux': 2, 'mission': 1, 'personnalisées': 1, 'faciliter': 1, 'conformité': 1, 'automatiser': 1, 'tâches': 1, 'récurrentes': 1, 'liées': 1, 'instaurer': 1, 'manipulation': 1, 'créer': 1, 'guide': 1, 'document': 1, 'référence': 1, 'fournir': 1, 'répondant': 1, 'résolvant': 1, 'problèmes': 1, 'rencontrés': 1, 'assister': 1, 'aider': 1, 'optimiser': 1, 'leurs': 1, 'workflow': 1, 'concevoir': 1, 'interactifs': 1, 'tableau': 1, 'visualiser': 1, 'effectuer': 1, 'log': 1, 'afin': 1, 'segmenter': 1, 'réduire': 1, 'coûts': 1, 'licence': 1, 'challenge': 1, 'évaluer': 1, 'existantes': 1, 'poste': 1, 'challenger': 1, 'outils': 1, 'place': 1, 'participer': 1, 'appels': 1, 'liés': 1, 'proposant': 1, 'améliorations': 1, 'innovantes': 1, 'assurer': 1, 'suivi': 1, 'garantissant': 1, 'transition': 1, 'sans': 1, 'heurts': 1, 'critique': 1, 'vers': 1, 'nouvelle': 1, 'infrastructure': 1, 'tout': 1, 'long': 1, 'présentation': 1, 'présenter': 1, 'communiquer': 1, 'équipes': 1, 'organiser': 1, 'session': 1, 'formation': 1, 'réunions': 1, 'partager': 1, 'connaissances': 1, 'favoriser': 1, 'meilleures': 1, 'profil': 1, 'exigence': 1, 'objectif': 1, 'principal': 1, 'comprendre': 1, 'party': 1, 'prenantes': 1, 'accordes': 1, 'grande': 1, 'importance': 1, 'pose': 1, 'garantir': 1, 'compréhension': 1, 'mutuelle': 1, 'excelles': 1, 'manière': 1, 'grâce': 1, 'capacité': 1, 'synthèse': 1, 'simplifies': 1, 'information': 1, 'transmettre': 1, 'facilement': 1, 'collaborateur': 1, 'harmonieux': 1, 'attentif': 1, 'client': 1, 'prêt': 1, 'soutenir': 1, 'collègues': 1, 'enfin': 1, 'rigoureux': 1, 'réelle': 1, 'motivation': 1, 'atteindre': 1, 'fixés': 1, 'réussite': 1, 'traduit': 1, 'livraison': 1, 'qualité': 1, 'geek': 1, 'compliment': 1, 'notamment': 1, 'dimension': 1, 'cette': 1, 'tech': 1, 'permet': 1, 'naturellement': 1, 'peuvent': 1, 'parfois': 1, 'pointus': 1, 'sentir': 1, 'largué': 1, 'donc': 1, 'effort': 1, 'mettre': 1, 'jour': 1, 'régulièrement': 1, 'sujets': 1, 'technologie': 1, 'plaisir': 1, 'nourrissant': 1, 'ouverture': 1, 'regardes': 1, 'monde': 1, 'entier': 1, 'intérêt': 1, 'rencontrer': 1, 'gen': 1, 'diver': 1, 'parles': 1, 'apprends': 1, 'plusieurs': 1, 'langues': 1, 'autres': 1, 'culture': 1, 'source': 1, 'souhaiterais': 1, 'voyager': 1, 'ouvert': 1, 'riches': 1, 'avignon': 1, 'agenceweb': 1})",pole_emploi
Data engineer confirmé(e) (H/F),Contrat à durée indéterminée,"Salaire brut : Annuel de 28000,00 Euros sur 12 mois, Pc portable, Chèque repas","
RETAIL SHAKE
",59000 Lille Hauts-de-France FRANCE,language,skills,2023-12-07,"Counter({'technology': 4, 'e': 3, 'data': 3, 'retail': 2, 'solution': 2, 'ainsi': 2, 'projets': 2, 'distribution': 2, 'client': 2, 'qualité': 2, 'mission': 2, 'pipeline': 2, 'storage': 2, 'chez': 1, 'shake': 1, 'proposons': 1, 'saas': 1, 'abonnement': 1, 'pro': 1, 'grande': 1, 'généraliste': 1, 'spécialisée': 1, 'marketplace': 1, 'marque': 1, 'quel': 1, 'domaine': 1, 'cet': 1, 'outil': 1, 'permet': 1, 'vision': 1, 'environnement': 1, 'concurrentiel': 1, 'marché': 1, 'alertés': 1, 'quotidiennement': 1, 'produits': 1, 'veille': 1, 'tarifaire': 1, 'promos': 1, 'surveillance': 1, 'stock': 1, 'géolocalisée': 1, 'avis': 1, 'benchmark': 1, 'prix': 1, 'plan': 1, 'merchandising': 1, 'stratégie': 1, 'marketing': 1, 'aptitude': 1, 'compétences': 1, 'organisé': 1, 'doté': 1, 'bon': 1, 'relationnel': 1, 'afin': 1, 'travailler': 1, 'équipe': 1, 'autonome': 1, 'rigoureux': 1, 'livrer': 1, 'temp': 1, 'enfin': 1, 'intéressé': 1, 'milieu': 1, 'nouvelles': 1, 'sou': 1, 'responsabilité': 1, 'cto': 1, 'chief': 1, 'officer': 1, 'suivantes': 1, 'scraping': 1, 'conception': 1, 'permettant': 1, 'traitement': 1, 'volume': 1, 'importants': 1, 'matching': 1, 'structuration': 1, 'assurance': 1, 'monitoring': 1, 'données': 1, 'business': 1, 'intelligence': 1, 'construction': 1, 'dashboard': 1, 'comprendre': 1, 'mise': 1, 'jour': 1, 'permanente': 1, 'langages': 1, 'utilisés': 1, 'but': 1, 'partager': 1, 'connaissances': 1, 'aider': 1, 'python': 1, 'scrapy': 1, 'google': 1, 'cloud': 1, 'bigquery': 1, 'looker': 1, 'azure': 1, 'powerbi': 1, 'grafana': 1, 'elasticsearch': 1, 'docker': 1, 'tensorflow': 1})",pole_emploi
Ingénieur Pipeline Big Data & Cloud (H/F),Contrat à durée indéterminée,"Salaire brut : Annuel de 44000,00 Euros à 55000,00 Euros sur 12 mois","
COROTEC
",78180 Montigny-le-Bretonneux Île-de-France FRANCE,language,skills,2023-12-05,"Counter({'cloud': 5, 'big': 4, 'data': 4, 'cloudera': 4, 'notamment': 2, 'recherchons': 2, 'pipeline': 2, 'solution': 2, 'e': 2, 'grâce': 1, 'professionnalisme': 1, 'salariés': 1, 'particulière': 1, 'portons': 1, 'corotec': 1, 'a': 1, 'acquis': 1, 'confiance': 1, 'grand': 1, 'groupes': 1, 'français': 1, 'internationaux': 1, 'depuis': 1, 'grandes': 1, 'sociétés': 1, 'connaitre': 1, 'plus': 1, 'détail': 1, 'société': 1, 'invitons': 1, 'consulter': 1, 'site': 1, 'internet': 1, 'http': 1, 'ingénieur': 1, 'mission': 1, 'tant': 1, 'immerger': 1, 'projet': 1, 'stimulant': 1, 'client': 1, 'rôle': 1, 'consistera': 1, 'contribuer': 1, 'réalisation': 1, 'innovantes': 1, 'plateforme': 1, 'concentrant': 1, 'construction': 1, 'robustes': 1, 'travaillerez': 1, 'étroite': 1, 'collaboration': 1, 'concevoir': 1, 'développer': 1, 'optimiser': 1, 'répondant': 1, 'leurs': 1, 'besoins': 1, 'spécifiques': 1, 'profil': 1, 'recherché': 1, 'professionnel': 1, 'expérimenté': 1, 'expertise': 1, 'avérée': 1, 'composants': 1, 'clés': 1, 'hive': 1, 'impala': 1, 'cdp': 1, 'datalake': 1, 'sdx': 1, 'ranger': 1, 'lakehouse': 1, 'programmation': 1, 'avancée': 1, 'spark': 1, 'pyspark': 1, 'scala': 1, 'compétences': 1, 'approfondies': 1, 'sql': 1, 'python': 1, 'capacité': 1, 'créer': 1, 'script': 1, 'manipuler': 1, 'table': 1, 'iceberg': 1, 'utilisation': 1, 'efficace': 1, 'middleware': 1, 'contrôler': 1, 'données': 1, 'provenant': 1, 'différentes': 1, 'source': 1, 'azure': 1, 'expérience': 1, 'ml': 1, 'partir': 1, 'couche': 1, 'atout': 1, 'apprécié': 1, 'minimum': 1, 'an': 1, 'postes': 1, 'similaires': 1, 'cette': 1, 'opportunité': 1, 'exceptionnelle': 1, 'relever': 1, 'défis': 1, 'passionnants': 1, 'domaine': 1})",pole_emploi
Data Engineer - (H/F),Contrat à durée indéterminée,"Salaire brut : Annuel de 36000,00 Euros à 42000,00 Euros sur 12 mois, Primes, Pc portable","
CS GROUP - FRANCE
",31000 Toulouse Occitanie FRANCE,language,skills,2023-12-07,"Counter({'data': 8, 'données': 6, 'outils': 4, 'cloud': 4, 'business': 3, 'python': 3, 'unit': 2, 'industrie': 2, 'intelligence': 2, 'client': 2, 'transformation': 2, 'digitale': 2, 'digitalisation': 2, 'processus': 2, 'mission': 2, 'analyse': 2, 'visualisation': 2, 'environnement': 2, 'technique': 2, 'aws': 2, 'engineering': 2, 'science': 2, 'donnée': 2, 'simulation': 2, 'développement': 2, 'systèmes': 2, 'recrutons': 1, 'ingénieur': 1, 'engineer': 1, 'junior': 1, 'rejoindre': 1, 'sein': 1, 'line': 1, 'process': 1, 'accompagne': 1, 'leurs': 1, 'problématiques': 1, 'associées': 1, 'offres': 1, 'déclinent': 1, 'autour': 1, 'maintenance': 1, 'prédictive': 1, 'industriels': 1, 'si': 1, 'métiers': 1, 'cadre': 1, 'projets': 1, 'rejoindrez': 1, 'équipe': 1, 'participerez': 1, 'suivantes': 1, 'concevoir': 1, 'développer': 1, 'traitements': 1, 'processing': 1, 'déploiement': 1, 'industrialisation': 1, 'test': 1, 'solution': 1, 'développées': 1, 'monitoring': 1, 'flux': 1, 'rédiger': 1, 'rapport': 1, 'assurer': 1, 'présentation': 1, 'savoir': 1, 'utiliser': 1, 'base': 1, 'rds': 1, 'no': 1, 'sql': 1, 'mongodb': 1, 'apache': 1, 'cassandra': 1, 'hbase': 1, 'amazon': 1, 'dynamodb': 1, 'framework': 1, 'hadoop': 1, 'hortonworks': 1, 'spark': 1, 'airflow': 1, 'containerisation': 1, 'docker': 1, 'kubernetes': 1, 'computing': 1, 'iam': 1, 'etc': 1, 'équivalent': 1, 'chez': 1, 'autre': 1, 'fournisseur': 1, 'service': 1, 'langages': 1, 'java': 1, 'scala': 1, 'dash': 1, 'grafana': 1, 'formation': 1, 'première': 1, 'expérience': 1, 'idéalement': 1, 'secteur': 1, 'aéronautique': 1, 'connaissance': 1, 'traitement': 1, 'demandé': 1, 'fonction': 1, 'mining': 1, 'plus': 1, 'niveau': 1, 'courant': 1, 'requis': 1, 'autonome': 1, 'savez': 1, 'faire': 1, 'preuve': 1, 'capacité': 1, 'bon': 1, 'communiquant': 1, 'créatif': 1, 'alors': 1, 'pépite': 1, 'recherchons': 1, 'a': 1, 'compétences': 1, 'égales': 1, 'poste': 1, 'ouvert': 1, 'personnes': 1, 'situation': 1, 'handicap': 1, 'contribue': 1, 'développements': 1, 'programme': 1, 'domaines': 1, 'critique': 1, 'acteur': 1, 'référent': 1, 'plm': 1, 'numérique': 1, 'logiciels': 1, 'embarqués': 1, 'certifiés': 1, 'ainsi': 1, 'sécurisation': 1, 'cybersécurité': 1})",pole_emploi
Consultant Data (H/F),Contrat à durée indéterminée,"Salaire brut : Annuel de 26000,00 Euros à 36000,00 Euros sur 12 mois","
AMILTONE
",13090 Aix-en-Provence Provence-Alpes-Côte d'Azur FRANCE,language,skills,2023-12-05,"Counter({'client': 5, 'amiltone': 3, 'technique': 3, 'compétences': 3, 'mission': 3, 'développement': 3, 'technology': 2, 'équipes': 2, 'projets': 2, 'pourquoi': 2, 'plus': 2, 'monter': 2, 'besoin': 2, 'proposition': 2, 'implémentation': 2, 'données': 2, 'connaissance': 2, 'si': 2, 'passionnés': 1, 'nouvelles': 1, 'rejoindre': 1, 'intégrer': 1, 'dynamiques': 1, 'soudées': 1, 'cadre': 1, 'novateurs': 1, 'ambitieux': 1, 'relevons': 1, 'challenge': 1, 'accompagnons': 1, 'transformation': 1, 'digitale': 1, 'choisir': 1, 'entreprise': 1, 'état': 1, 'objectif': 1, 'épanouissement': 1, 'professionnel': 1, 'cœur': 1, 'accompagner': 1, 'mieux': 1, 'travers': 1, 'suivi': 1, 'personnalisé': 1, 'faire': 1, 'proposant': 1, 'formation': 1, 'tout': 1, 'long': 1, 'carrière': 1, 'comprendre': 1, 'besoins': 1, 'respecter': 1, 'engagement': 1, 'proposer': 1, 'qualité': 1, 'innovantes': 1, 'cultiver': 1, 'potentiel': 1, 'grâce': 1, 'programme': 1, 'personnel': 1, 'addvise': 1, 'passe': 1, 'aussi': 1, 'activités': 1, 'extraprofessionnelles': 1, 'proposons': 1, 'séances': 1, 'sportives': 1, 'animées': 1, 'coach': 1, 'soirées': 1, 'retrouver': 1, 'animation': 1, 'visio': 1, 'gaming': 1, 'night': 1, 'intégré': 1, 'assurez': 1, 'suivantes': 1, 'analyse': 1, 'architecture': 1, 'flux': 1, 'stockage': 1, 'restitution': 1, 'préconisation': 1, 'matérielle': 1, 'selon': 1, 'chez': 1, 'stack': 1, 'outils': 1, 'talend': 1, 'bi': 1, 'qlik': 1, 'powerbi': 1, 'jasper': 1, 'birt': 1, 'spagobi': 1, 'knowage': 1, 'base': 1, 'relationnelle': 1, 'oracle': 1, 'sql': 1, 'server': 1, 'mysql': 1, 'postgresql': 1, 'nosql': 1, 'mongodb': 1, 'cassandra': 1, 'influxdb': 1, 'elastic': 1, 'solr': 1, 'traitements': 1, 'batch': 1, 'etl': 1, 'bus': 1, 'infrastructure': 1, 'réseau': 1, 'haute': 1, 'dispo': 1, 'amazon': 1, 'java': 1, 'html': 1, 'javascript': 1, 'python': 1, 'script': 1, 'shell': 1, 'alors': 1, 'prêt': 1, 'devenir': 1, 'amiltonien': 1, 'postuler': 1, 'reconnaissez': 1, 'diplômé': 1, 'master': 1, 'école': 1, 'disposez': 1, 'an': 1, 'tant': 1, 'consultant': 1, 'data': 1, 'curiosité': 1, 'naturelle': 1, 'fort': 1, 'esprit': 1, 'pouvez': 1, 'autonomie': 1, 'prendre': 1, 'main': 1, 'nouveaux': 1, 'répondre': 1, 'problématiques': 1, 'gérez': 1, 'postes': 1, 'ouverts': 1, 'personnes': 1, 'situation': 1, 'handicap': 1})",pole_emploi
MLOps (H/F),Contrat à durée indéterminée,Salaire brut : compétitif,"
SOMFY ACTIVITES SA
",74300 Cluses Auvergne-Rhône-Alpes FRANCE,language,skills,2023-11-20,"Counter({'data': 6, 'digital': 5, 'factory': 5, 'azure': 5, 'solution': 4, 'travail': 4, 'somfy': 3, 'capacités': 3, 'digitales': 3, 'environnement': 3, 'scientist': 3, 'flux': 3, 'modèles': 3, 'ml': 3, 'expérience': 3, 'poste': 2, 'afin': 2, 'données': 2, 'construire': 2, 'talent': 2, 'niveau': 2, 'e': 2, 'code': 2, 'devops': 2, 'description': 1, 'contexte': 1, 'soutenir': 1, 'ambition': 1, 'croissance': 1, 'investit': 1, 'renforcement': 1, 'valeur': 1, 'place': 1, 'avantage': 1, 'concurrentiel': 1, 'fort': 1, 'développant': 1, 'rassemble': 1, 'numérique': 1, 'accompagner': 1, 'développement': 1, 'innovantes': 1, 'basées': 1, 'avancée': 1, 'augmenter': 1, 'sein': 1, 'équipes': 1, 'adopter': 1, 'nouvelles': 1, 'méthodes': 1, 'exemple': 1, 'agiles': 1, 'globalement': 1, 'fournir': 1, 'efficace': 1, 'attractif': 1, 'projets': 1, 'digitaux': 1, 'chez': 1, 'conçoit': 1, 'construit': 1, 'exploite': 1, 'met': 1, 'numériques': 1, 'propriétaires': 1, 'déploie': 1, 'entreprises': 1, 'pay': 1, 'garantissant': 1, 'bon': 1, 'localisation': 1, 'candidat': 1, 'retenu': 1, 'devra': 1, 'collaborer': 1, 'étroitement': 1, 'équipe': 1, 'responsabilité': 1, 'concevoir': 1, 'maintenir': 1, 'permettant': 1, 'développer': 1, 'déployer': 1, 'surveiller': 1, 'prédictifs': 1, 'technique': 1, 'dataiku': 1, 'snowflake': 1, 'responsabilités': 1, 'examiner': 1, 'test': 1, 'orchestration': 1, 'automatisation': 1, 'adapté': 1, 'déploiement': 1, 'entre': 1, 'environnements': 1, 'versioning': 1, 'monitoring': 1, 'piloter': 1, 'cycle': 1, 'vie': 1, 'compris': 1, 'jusque': 1, 'phase': 1, 'maintenance': 1, 'assurer': 1, 'fiabilité': 1, 'performance': 1, 'production': 1, 'communiquer': 1, 'engineer': 1, 'analyst': 1, 'documenter': 1, 'processus': 1, 'ops': 1, 'qualification': 1, 'significative': 1, 'années': 1, 'tant': 1, 'spécialiste': 1, 'mlops': 1, 'rôle': 1, 'similaire': 1, 'outils': 1, 'gestion': 1, 'pipeline': 1, 'confortable': 1, 'agile': 1, 'pluridisciplinaire': 1, 'mise': 1, 'œuvre': 1, 'meilleures': 1, 'pratiques': 1, 'maîtrise': 1, 'python': 1, 'sql': 1, 'solides': 1, 'compétences': 1, 'analytiques': 1, 'gout': 1, 'résolution': 1, 'problèmes': 1, 'sen': 1, 'détail': 1})",pole_emploi
